"doi","test_id","test_name","N","test_p_value","factor","effectsize_id","effectsize_measure","effectsize_value","CI_upper","CI_lower","CI_type","year"
"10.1145/3290605.3300252",1,"Pearson Correlation","53","< 0.05","",1,"r","0.31","UNKNOWN","UNKNOWN","UNKNOWN","2019"
"10.1145/3290605.3300252",2,"Pearson Correlation","53","< 0.05","",1,"r","0.30","UNKNOWN","UNKNOWN","UNKNOWN","2019"
"10.1145/3290605.3300252",3,"Pearson Correlation","53","< 0.05","",1,"r","0.46","UNKNOWN","UNKNOWN","UNKNOWN","2019"
"10.1145/3290605.3300252",4,"Multiple Regression","53","< 0.05","",1,"r²","0.22","UNKNOWN","UNKNOWN","UNKNOWN","2019"
"10.1145/3290605.3300252",5,"Single-Factor Repeated Measures ANOVA","53","< 0.01","",NA,"","","","","","2019"
"10.1145/3290605.3300252",6,"Paired t-test","53","< 0.01","",1,"Cohen's d","0.805","UNKNOWN","UNKNOWN","UNKNOWN","2019"
"10.1145/3290605.3300252",7,"Paired t-test","53","< 0.01","",1,"Cohen's d","1.23","UNKNOWN","UNKNOWN","UNKNOWN","2019"
"10.1145/3290605.3300252",8,"Paired t-test","15","0.06","",1,"Cohen's d","0.66","UNKNOWN","UNKNOWN","UNKNOWN","2019"
"10.1145/3290605.3300252",9,"Paired t-test","53","Not significant","",NA,"","","","","","2019"
"10.1145/3290605.3300252",10,"Paired t-test","53","Not significant","",NA,"","","","","","2019"
"10.1145/3290605.3300252",11,"Pearson Correlation","53","UNKNOWN","",1,"r","0.31","UNKNOWN","UNKNOWN","UNKNOWN","2019"
"10.1145/3290605.3300252",12,"Pearson Correlation","53","UNKNOWN","",1,"r","0.23","UNKNOWN","UNKNOWN","UNKNOWN","2019"
"10.1145/3290605.3300252",13,"Pearson Correlation","53","UNKNOWN","",1,"r","0.23","UNKNOWN","UNKNOWN","UNKNOWN","2019"
"10.1145/3290605.3300252",14,"Pearson Correlation","53","UNKNOWN","",1,"r","0.45","UNKNOWN","UNKNOWN","UNKNOWN","2019"
"10.1145/3290605.3300252",15,"Pearson Correlation","53","UNKNOWN","",1,"r","0.30","UNKNOWN","UNKNOWN","UNKNOWN","2019"
"10.1145/3290605.3300252",16,"Pearson Correlation","53","UNKNOWN","",1,"r","0.23","UNKNOWN","UNKNOWN","UNKNOWN","2019"
"10.1145/3290605.3300316",1,"Independent Samples t-test","106","< 0.001","",1,"Mean Difference","3.87","UNKNOWN","UNKNOWN","UNKNOWN","2019"
"10.1145/3290605.3300316",2,"2x2 ANOVA","106","Main effect of survey platform: p < 0.01, Main effect of conversational style: p = 0.053, Interaction effect: p < 0.001","",1,"F-value","9.83","UNKNOWN","UNKNOWN","UNKNOWN","2019"
"10.1145/3290605.3300316",2,"2x2 ANOVA","106","Main effect of survey platform: p < 0.01, Main effect of conversational style: p = 0.053, Interaction effect: p < 0.001","",2,"F-value","3.84","UNKNOWN","UNKNOWN","UNKNOWN","2019"
"10.1145/3290605.3300316",2,"2x2 ANOVA","106","Main effect of survey platform: p < 0.01, Main effect of conversational style: p = 0.053, Interaction effect: p < 0.001","",3,"F-value","14.33","UNKNOWN","UNKNOWN","UNKNOWN","2019"
"10.1145/3290605.3300316",3,"Independent Samples t-test","54","< 0.001","",1,"Mean Difference","UNKNOWN","UNKNOWN","UNKNOWN","UNKNOWN","2019"
"10.1145/3290605.3300316",4,"Independent Samples t-test","52","0.63","",1,"Mean Difference","UNKNOWN","UNKNOWN","UNKNOWN","UNKNOWN","2019"
"10.1145/3290605.3300316",5,"Factorial ANOVA","106","Main effect of platform: 0.256, Main effect of conversational style: 0.174, Interaction effect: 0.32","",1,"F-value","1.306","UNKNOWN","UNKNOWN","UNKNOWN","2019"
"10.1145/3290605.3300316",5,"Factorial ANOVA","106","Main effect of platform: 0.256, Main effect of conversational style: 0.174, Interaction effect: 0.32","",2,"F-value","1.877","UNKNOWN","UNKNOWN","UNKNOWN","2019"
"10.1145/3290605.3300316",5,"Factorial ANOVA","106","Main effect of platform: 0.256, Main effect of conversational style: 0.174, Interaction effect: 0.32","",3,"F-value","1.007","UNKNOWN","UNKNOWN","UNKNOWN","2019"
"10.1145/3290605.3300316",6,"Factorial ANOVA","106","Main effect of platform: 0.17, Main effect of conversational style: < 0.01, Interaction effect: 0.136","",1,"F-value","1.880","UNKNOWN","UNKNOWN","UNKNOWN","2019"
"10.1145/3290605.3300316",6,"Factorial ANOVA","106","Main effect of platform: 0.17, Main effect of conversational style: < 0.01, Interaction effect: 0.136","",2,"F-value","8.967","UNKNOWN","UNKNOWN","UNKNOWN","2019"
"10.1145/3290605.3300316",6,"Factorial ANOVA","106","Main effect of platform: 0.17, Main effect of conversational style: < 0.01, Interaction effect: 0.136","",3,"F-value","2.253","UNKNOWN","UNKNOWN","UNKNOWN","2019"
"10.1145/3290605.3300316",7,"Descriptive Analysis (Response Differentiation)","106","UNKNOWN","",1,"Mean (M) and Standard Deviation (SD)","Casual Chatbot: M = 0.62, SD = 0.08; Formal Chatbot: M = 0.52, SD = 0.07; Casual Web: M = 0.50, SD = 0.09; Formal Web: M = 0.53, SD = 0.09","UNKNOWN","UNKNOWN","UNKNOWN","2019"
"10.1145/3290605.3300316",8,"Descriptive Analysis (Ease of Use)","106","UNKNOWN","",1,"Mean (M) and Standard Deviation (SD)","Casual Chatbot: M = 3.98, SD = 0.79; Formal Chatbot: M = 3.65, SD = 0.76; Casual Web: M = 3.69, SD = 0.62; Formal Web: M = 3.64, SD = 0.66","UNKNOWN","UNKNOWN","UNKNOWN","2019"
"10.1145/3290605.3300316",9,"Descriptive Analysis (Enjoyment)","106","UNKNOWN","",1,"Mean (M) and Standard Deviation (SD)","Casual Chatbot: M = 4.17, SD = 0.73; Formal Chatbot: M = 3.50, SD = 0.87; Casual Web: M = 3.74, SD = 0.61; Formal Web: M = 3.52, SD = 0.82","UNKNOWN","UNKNOWN","UNKNOWN","2019"
"10.1145/3290605.3300405",1,"Paired t-test","11","0.13","",NA,"","","","","","2019"
"10.1145/3290605.3300405",2,"Paired t-test","11","0.08","",NA,"","","","","","2019"
"10.1145/3290605.3300405",3,"Pearson's product-moment correlation","11","0.04","",1,"Correlation coefficient","2.47","UNKNOWN","UNKNOWN","UNKNOWN","2019"
"10.1145/3290605.3300405",4,"Paired t-test","11","0.03","",1,"Cohen's D","0.57","UNKNOWN","UNKNOWN","UNKNOWN","2019"
"10.1145/3290605.3300405",5,"Paired t-test","11","0.001","",1,"Cohen's D","1.19","UNKNOWN","UNKNOWN","UNKNOWN","2019"
"10.1145/3290605.3300405",6,"Paired t-test","11","0.007","",1,"Cohen's D","0.48","UNKNOWN","UNKNOWN","UNKNOWN","2019"
"10.1145/3290605.3300405",7,"Paired t-test","11","< 0.001","",1,"Cohen's D","0.99","UNKNOWN","UNKNOWN","UNKNOWN","2019"
"10.1145/3290605.3300405",8,"Paired t-test","11","0.002","",1,"Cohen's D","1.10","UNKNOWN","UNKNOWN","UNKNOWN","2019"
"10.1145/3290605.3300405",9,"Paired t-test","11","0.03","",1,"Cohen's D","0.69","UNKNOWN","UNKNOWN","UNKNOWN","2019"
"10.1145/3290605.3300405",10,"Paired t-test","11","0.99","",NA,"","","","","","2019"
"10.1145/3290605.3300405",11,"Paired t-test","11","0.13","",NA,"","","","","","2019"
"10.1145/3290605.3300405",12,"Paired t-test","11","0.12","",NA,"","","","","","2019"
"10.1145/3290605.3300405",13,"Paired t-test","11","< 0.001","",NA,"","","","","","2019"
"10.1145/3290605.3300405",14,"Paired t-test","11","0.65","",NA,"","","","","","2019"
"10.1145/3290605.3300405",15,"Paired t-test","11","0.02","",NA,"","","","","","2019"
"10.1145/3290605.3300405",16,"Paired t-test","11","0.01","",NA,"","","","","","2019"
"10.1145/3290605.3300405",17,"Paired t-test","11","0.02","",NA,"","","","","","2019"
"10.1145/3290605.3300405",18,"Paired t-test","11","UNKNOWN","",NA,"","","","","","2019"
"10.1145/3290605.3300405",19,"Paired t-test","11","< 0.001","",NA,"","","","","","2019"
"10.1145/3290605.3300405",20,"Paired t-test","11","0.38","",NA,"","","","","","2019"
"10.1145/3290605.3300405",21,"Paired t-test","11","0.26","",NA,"","","","","","2019"
"10.1145/3290605.3300405",22,"Paired t-test","11","0.002","",NA,"","","","","","2019"
"10.1145/3290605.3300405",23,"Paired t-test","11","0.03","",NA,"","","","","","2019"
"10.1145/3290605.3300405",24,"Paired t-test","11","0.79","",NA,"","","","","","2019"
"10.1145/3290605.3300405",25,"Paired t-test","11","0.08","",NA,"","","","","","2019"
"10.1145/3290605.3300405",26,"Paired t-test","11","0.001","",1,"Cohen's D","1.19","UNKNOWN","UNKNOWN","UNKNOWN","2019"
"10.1145/3290605.3300405",27,"Paired t-test","11","0.62","",NA,"","","","","","2019"
"10.1145/3290605.3300405",28,"Paired t-test","11","0.20","",NA,"","","","","","2019"
"10.1145/3290605.3300405",29,"Paired t-test","11","0.007","",1,"Cohen's D","0.48","UNKNOWN","UNKNOWN","UNKNOWN","2019"
"10.1145/3290605.3300405",30,"Paired t-test","11","0.75","",NA,"","","","","","2019"
"10.1145/3290605.3300472",1,"Welch ANOVA","200","0.11","",1,"F","1.66","UNKNOWN","UNKNOWN","UNKNOWN","2019"
"10.1145/3290605.3300678",1,"Wizard-of-Oz experiment","12","UNKNOWN","",1,"mean standard deviation in y-direction","10.64 mm","UNKNOWN","UNKNOWN","UNKNOWN","2019"
"10.1145/3290605.3300678",1,"Wizard-of-Oz experiment","12","UNKNOWN","",2,"mean standard deviation in x-direction","4.88 mm","UNKNOWN","UNKNOWN","UNKNOWN","2019"
"10.1145/3290605.3300678",2,"ANOVA on input speed","18","< .001","",1,"mean input speed for i'sFree","23.27 WPM","UNKNOWN","UNKNOWN","95%","2019"
"10.1145/3290605.3300678",2,"ANOVA on input speed","18","< .001","",2,"mean input speed for eyes-free baseline","15.90 WPM","UNKNOWN","UNKNOWN","95%","2019"
"10.1145/3290605.3300678",2,"ANOVA on input speed","18","< .001","",3,"mean input speed for eyes-on baseline","15.37 WPM","UNKNOWN","UNKNOWN","95%","2019"
"10.1145/3290605.3300678",2,"ANOVA on input speed","18","< .001","keyboard condition",1,"F","41.47","UNKNOWN","UNKNOWN","UNKNOWN","2019"
"10.1145/3290605.3300678",2,"ANOVA on input speed","18","< .001","block number",1,"F","7.212","UNKNOWN","UNKNOWN","UNKNOWN","2019"
"10.1145/3290605.3300678",2,"ANOVA on input speed","18",".037","keyboard × block interaction",1,"F","2.347","UNKNOWN","UNKNOWN","UNKNOWN","2019"
"10.1145/3290605.3300678",3,"ANOVA on gesturing speed","18","< .001","",1,"mean gesturing speed for i'sFree","104.26 mm/s","UNKNOWN","UNKNOWN","UNKNOWN","2019"
"10.1145/3290605.3300678",3,"ANOVA on gesturing speed","18","< .001","",2,"mean gesturing speed for eyes-free baseline","93.88 mm/s","UNKNOWN","UNKNOWN","UNKNOWN","2019"
"10.1145/3290605.3300678",3,"ANOVA on gesturing speed","18","< .001","",3,"mean gesturing speed for eyes-on baseline","74.00 mm/s","UNKNOWN","UNKNOWN","UNKNOWN","2019"
"10.1145/3290605.3300678",3,"ANOVA on gesturing speed","18","< .001","keyboard condition",1,"F","17.16","UNKNOWN","UNKNOWN","UNKNOWN","2019"
"10.1145/3290605.3300678",4,"ANOVA on word error rate","18",".003","",1,"mean word error rate for i'sFree","2.14%","UNKNOWN","UNKNOWN","UNKNOWN","2019"
"10.1145/3290605.3300678",4,"ANOVA on word error rate","18",".003","",2,"mean word error rate for eyes-free baseline","5.04%","UNKNOWN","UNKNOWN","UNKNOWN","2019"
"10.1145/3290605.3300678",4,"ANOVA on word error rate","18",".003","",3,"mean word error rate for eyes-on baseline","2.95%","UNKNOWN","UNKNOWN","UNKNOWN","2019"
"10.1145/3290605.3300678",4,"ANOVA on word error rate","18",".003","keyboard condition",1,"F","6.803","UNKNOWN","UNKNOWN","UNKNOWN","2019"
"10.1145/3290605.3300678",5,"ANOVA on backspace to word ratio","18","< .001","",1,"mean backspace to word ratio for i'sFree","0.26","UNKNOWN","UNKNOWN","UNKNOWN","2019"
"10.1145/3290605.3300678",5,"ANOVA on backspace to word ratio","18","< .001","",2,"mean backspace to word ratio for eyes-free baseline","0.56","UNKNOWN","UNKNOWN","UNKNOWN","2019"
"10.1145/3290605.3300678",5,"ANOVA on backspace to word ratio","18","< .001","",3,"mean backspace to word ratio for eyes-on baseline","0.44","UNKNOWN","UNKNOWN","UNKNOWN","2019"
"10.1145/3290605.3300678",5,"ANOVA on backspace to word ratio","18","< .001","keyboard condition",1,"F","32.68","UNKNOWN","UNKNOWN","UNKNOWN","2019"
"10.1145/3290605.3300678",6,"ANOVA on keyboard pop-up reference usage","18",".924","",1,"mean duration for i'sFree","2.54 seconds","UNKNOWN","UNKNOWN","UNKNOWN","2019"
"10.1145/3290605.3300678",6,"ANOVA on keyboard pop-up reference usage","18",".924","",2,"mean duration for eyes-free baseline","3.83 seconds","UNKNOWN","UNKNOWN","UNKNOWN","2019"
"10.1145/3290605.3300678",6,"ANOVA on keyboard pop-up reference usage","18",".924","keyboard condition",1,"F","0.009","UNKNOWN","UNKNOWN","UNKNOWN","2019"
"10.1145/3290605.3300678",7,"ANOVA on subjective measures","18","< .001","",1,"mean mental demand for i'sFree","UNKNOWN","UNKNOWN","UNKNOWN","UNKNOWN","2019"
"10.1145/3290605.3300678",7,"ANOVA on subjective measures","18","< .001","",2,"mean mental demand for eyes-free baseline","UNKNOWN","UNKNOWN","UNKNOWN","UNKNOWN","2019"
"10.1145/3290605.3300678",7,"ANOVA on subjective measures","18","< .001","",3,"mean mental demand for eyes-on baseline","UNKNOWN","UNKNOWN","UNKNOWN","UNKNOWN","2019"
"10.1145/3290605.3300678",7,"ANOVA on subjective measures","18",".004","mental demand",1,"F","6.562","UNKNOWN","UNKNOWN","UNKNOWN","2019"
"10.1145/3290605.3300678",7,"ANOVA on subjective measures","18","< .001","physical demand",1,"F","8.678","UNKNOWN","UNKNOWN","UNKNOWN","2019"
"10.1145/3290605.3300678",7,"ANOVA on subjective measures","18","< .001","effort",1,"F","12.81","UNKNOWN","UNKNOWN","UNKNOWN","2019"
"10.1145/3290605.3300678",7,"ANOVA on subjective measures","18","< .001","frustration",1,"F","18.39","UNKNOWN","UNKNOWN","UNKNOWN","2019"
"10.1145/3313831.3376154",1,"t-test","11","< .05","",1,"mean difference","20.0","UNKNOWN","UNKNOWN","95% CI","2019"
"10.1145/3313831.3376154",1,"t-test","11","< .05","parents' participation rate",1,"mean difference","20.0","UNKNOWN","UNKNOWN","95% CI","2019"
"10.1145/3313831.3376154",1,"t-test","11","< .05","teachers' participation rate",1,"mean difference","-34.4","UNKNOWN","UNKNOWN","95% CI","2019"
"10.1145/3313831.3376154",1,"t-test","11","< .05","",1,"mean difference","20","UNKNOWN","UNKNOWN","95% CI","2020"
"10.1145/3313831.3376154",1,"t-test","11","< .05","parents' participation rate",1,"mean difference","20","UNKNOWN","UNKNOWN","95% CI","2020"
"10.1145/3313831.3376154",1,"t-test","11","< .05","teachers' participation rate",1,"mean difference","-34.4","UNKNOWN","UNKNOWN","95% CI","2020"
"10.1145/3313831.3376154",2,"t-test","11","< .05","",1,"mean difference","3.5","UNKNOWN","UNKNOWN","95% CI","2019"
"10.1145/3313831.3376154",2,"t-test","11","< .05","ease of teaching sentence construction (parents)",1,"mean difference","3.5","UNKNOWN","UNKNOWN","95% CI","2019"
"10.1145/3313831.3376154",2,"t-test","11","< .05","ease of teaching sentence construction (teachers)",1,"mean difference","3.67","UNKNOWN","UNKNOWN","95% CI","2019"
"10.1145/3313831.3376154",2,"t-test","11","< .05","",1,"mean difference","3.5","UNKNOWN","UNKNOWN","95% CI","2020"
"10.1145/3313831.3376154",2,"t-test","11","< .05","ease of teaching sentence construction (parents)",1,"mean difference","3.5","UNKNOWN","UNKNOWN","95% CI","2020"
"10.1145/3313831.3376154",2,"t-test","11","< .05","ease of teaching sentence construction (teachers)",1,"mean difference","3.67","UNKNOWN","UNKNOWN","95% CI","2020"
"10.1145/3313831.3376154",3,"t-test","11","< .05","",1,"mean difference","-2.29","UNKNOWN","UNKNOWN","95% CI","2019"
"10.1145/3313831.3376154",3,"t-test","11","< .05","mental demands",1,"mean difference","-2.29","UNKNOWN","UNKNOWN","95% CI","2019"
"10.1145/3313831.3376154",3,"t-test","11","> .05","temporal demands",1,"mean difference","-1.86","UNKNOWN","UNKNOWN","95% CI","2019"
"10.1145/3313831.3376154",3,"t-test","11","> .05","frustration level",1,"mean difference","-2.15","UNKNOWN","UNKNOWN","95% CI","2019"
"10.1145/3313831.3376154",3,"t-test","11","< .05","",1,"mean difference","-2.29","UNKNOWN","UNKNOWN","95% CI","2020"
"10.1145/3313831.3376154",3,"t-test","11","< .05","mental demands",1,"mean difference","-2.29","UNKNOWN","UNKNOWN","95% CI","2020"
"10.1145/3313831.3376154",4,"t-test","11","< .05","",1,"mean difference","1.43","UNKNOWN","UNKNOWN","95% CI","2019"
"10.1145/3313831.3376154",4,"t-test","11","< .05","level of agreement (overall)",1,"mean difference","1.43","UNKNOWN","UNKNOWN","95% CI","2019"
"10.1145/3313831.3376154",4,"t-test","11","> .05","level of agreement (teachers)",1,"mean difference","2.0","UNKNOWN","UNKNOWN","95% CI","2019"
"10.1145/3313831.3376154",4,"t-test","11","> .05","",1,"mean difference","-1.86","UNKNOWN","UNKNOWN","95% CI","2020"
"10.1145/3313831.3376154",4,"t-test","11","> .05","temporal demands",1,"mean difference","-1.86","UNKNOWN","UNKNOWN","95% CI","2020"
"10.1145/3313831.3376154",5,"t-test","11","> .05","",1,"mean difference","-2.15","UNKNOWN","UNKNOWN","95% CI","2020"
"10.1145/3313831.3376154",5,"t-test","11","> .05","frustration level",1,"mean difference","-2.15","UNKNOWN","UNKNOWN","95% CI","2020"
"10.1145/3313831.3376154",6,"t-test","11","< .05","",1,"mean difference","1.43","UNKNOWN","UNKNOWN","95% CI","2020"
"10.1145/3313831.3376154",6,"t-test","11","< .05","level of consensus (overall)",1,"mean difference","1.43","UNKNOWN","UNKNOWN","95% CI","2020"
"10.1145/3313831.3376154",6,"t-test","11","> .05","level of consensus (teachers)",1,"mean difference","2","UNKNOWN","UNKNOWN","95% CI","2020"
"10.1145/3313831.3376360",1,"Kruskal-Wallis ANOVA","71","<.001","",1,"r",".43","UNKNOWN","UNKNOWN","UNKNOWN","2020"
"10.1145/3313831.3376360",1,"Kruskal-Wallis ANOVA","71","<.001","",2,"r",".37","UNKNOWN","UNKNOWN","UNKNOWN","2020"
"10.1145/3313831.3376360",1,"Kruskal-Wallis ANOVA","71","<.001","",3,"r",".82","UNKNOWN","UNKNOWN","UNKNOWN","2020"
"10.1145/3313831.3376360",1,"Kruskal-Wallis ANOVA","71",".021","Top-Down Leaderboard vs Baseline",1,"r",".43","UNKNOWN","UNKNOWN","UNKNOWN","2020"
"10.1145/3313831.3376360",1,"Kruskal-Wallis ANOVA","71",".035","Top-Down Aquarium vs Baseline",1,"r",".37","UNKNOWN","UNKNOWN","UNKNOWN","2020"
"10.1145/3313831.3376360",1,"Kruskal-Wallis ANOVA","71",".000","Own vs Baseline",1,"r",".82","UNKNOWN","UNKNOWN","UNKNOWN","2020"
"10.1145/3313831.3376360",2,"Kruskal-Wallis ANOVA","71",".003","",1,"r","UNKNOWN","UNKNOWN","UNKNOWN","UNKNOWN","2020"
"10.1145/3313831.3376360",2,"Kruskal-Wallis ANOVA","71",".598","Baseline vs Top-Down Leaderboard",1,"r","UNKNOWN","UNKNOWN","UNKNOWN","UNKNOWN","2020"
"10.1145/3313831.3376360",2,"Kruskal-Wallis ANOVA","71",".006","Baseline vs Top-Down Aquarium",1,"r","-.57","UNKNOWN","UNKNOWN","UNKNOWN","2020"
"10.1145/3313831.3376360",2,"Kruskal-Wallis ANOVA","71",".042","Baseline vs Own",1,"r","-.38","UNKNOWN","UNKNOWN","UNKNOWN","2020"
"10.1145/3313831.3376360",3,"Kruskal-Wallis ANOVA","71","<.001","",1,"r",".82","UNKNOWN","UNKNOWN","UNKNOWN","2020"
"10.1145/3313831.3376360",3,"Kruskal-Wallis ANOVA","71","<.001","",2,"r",".55","UNKNOWN","UNKNOWN","UNKNOWN","2020"
"10.1145/3313831.3376360",3,"Kruskal-Wallis ANOVA","71","<.001","",3,"r",".37","UNKNOWN","UNKNOWN","UNKNOWN","2020"
"10.1145/3313831.3376360",3,"Kruskal-Wallis ANOVA","71","<.001","",4,"r",".65","UNKNOWN","UNKNOWN","UNKNOWN","2020"
"10.1145/3313831.3376360",3,"Kruskal-Wallis ANOVA","71","<.001","",5,"r",".63","UNKNOWN","UNKNOWN","UNKNOWN","2020"
"10.1145/3313831.3376360",3,"Kruskal-Wallis ANOVA","71","<.001","Baseline vs Own (usable tags)",1,"r",".82","UNKNOWN","UNKNOWN","UNKNOWN","2020"
"10.1145/3313831.3376360",3,"Kruskal-Wallis ANOVA","71",".006","Top-Down Aquarium vs Own (usable tags)",1,"r",".55","UNKNOWN","UNKNOWN","UNKNOWN","2020"
"10.1145/3313831.3376360",3,"Kruskal-Wallis ANOVA","71",".036","Top-Down Leaderboard vs Own (usable tags)",1,"r",".37","UNKNOWN","UNKNOWN","UNKNOWN","2020"
"10.1145/3313831.3376360",3,"Kruskal-Wallis ANOVA","71","<.001","Baseline vs Own (good tags)",1,"r",".65","UNKNOWN","UNKNOWN","UNKNOWN","2020"
"10.1145/3313831.3376360",3,"Kruskal-Wallis ANOVA","71","<.001","Top-Down Aquarium vs Own (good tags)",1,"r",".63","UNKNOWN","UNKNOWN","UNKNOWN","2020"
"10.1145/3313831.3376360",4,"One-sample t-test","15","<.001","",1,"d","1.06","UNKNOWN","UNKNOWN","UNKNOWN","2020"
"10.1145/3313831.3376360",4,"One-sample t-test","15","<.001","",2,"d","1.84","UNKNOWN","UNKNOWN","UNKNOWN","2020"
"10.1145/3313831.3376360",4,"One-sample t-test","15","<.001","Tag Quantity",1,"d","1.06","UNKNOWN","UNKNOWN","UNKNOWN","2020"
"10.1145/3313831.3376360",4,"One-sample t-test","15","<.001","Tag Quality",1,"d","1.84","UNKNOWN","UNKNOWN","UNKNOWN","2020"
"10.1145/3313831.3376360",5,"Kruskal-Wallis ANOVA","71",".433","",1,"r","UNKNOWN","UNKNOWN","UNKNOWN","UNKNOWN","2020"
"10.1145/3313831.3376360",5,"Kruskal-Wallis ANOVA","71",".433","Perceived Choice",1,"r","UNKNOWN","UNKNOWN","UNKNOWN","UNKNOWN","2020"
"10.1145/3313831.3376360",5,"Kruskal-Wallis ANOVA","71",".998","Enjoyment",1,"r","UNKNOWN","UNKNOWN","UNKNOWN","UNKNOWN","2020"
"10.1145/3313831.3376360",5,"Kruskal-Wallis ANOVA","71",".901","Competence",1,"r","UNKNOWN","UNKNOWN","UNKNOWN","UNKNOWN","2020"
"10.1145/3313831.3376360",5,"Kruskal-Wallis ANOVA","71",".524","Pressure",1,"r","UNKNOWN","UNKNOWN","UNKNOWN","UNKNOWN","2020"
"10.1145/3313831.3376512",1,"Human Perception Bandwidth Pilot Study","7","UNKNOWN","",1,"Perception Frequency Range (Finger Pad)","0.5 Hz to 170 Hz","UNKNOWN","UNKNOWN","UNKNOWN","2020"
"10.1145/3313831.3376512",1,"Human Perception Bandwidth Pilot Study","7","UNKNOWN","",2,"Perception Frequency Range (Temple)","0.5 Hz to 72 Hz","UNKNOWN","UNKNOWN","UNKNOWN","2020"
"10.1145/3313831.3376512",2,"Head Mounted Gear Study 1","6","UNKNOWN","",1,"Just-Noticeable-Difference (JND)","1.728 m/s² (V), 1.359 m/s² (VH)","UNKNOWN","UNKNOWN","UNKNOWN","2020"
"10.1145/3313831.3376512",2,"Head Mounted Gear Study 1","6","UNKNOWN","",2,"Point of Subjective Equality (PSE)","5.6 m/s² (V), 6.114 m/s² (VH)","UNKNOWN","UNKNOWN","UNKNOWN","2020"
"10.1145/3313831.3376512",3,"Head Mounted Gear Study 2","10","<0.01 for Haptic-Navigation vs No-Haptics and Haptic-Gaiting","",1,"Completion Time","UNKNOWN","UNKNOWN","UNKNOWN","UNKNOWN","2020"
"10.1145/3313831.3376512",3,"Head Mounted Gear Study 2","10","<0.01 for Haptic-Navigation vs No-Haptics and Haptic-Gaiting","",2,"Motion Sickness","UNKNOWN","UNKNOWN","UNKNOWN","UNKNOWN","2020"
"10.1145/3313831.3376512",4,"Handheld Stylus Psychophysical Study","13","<0.001 for Stiffness, <0.01 for Test Condition","",1,"Weber Fraction (WF)","0.63 (V), 0.297 (VH), 0.297 (H)","UNKNOWN","UNKNOWN","UNKNOWN","2020"
"10.1145/3313831.3376707",1,"Shapiro-Wilk test","16","< .05","",NA,"","","","","","2019"
"10.1145/3313831.3376707",1,"Wilcoxon-Signed rank test","16","< .001","",1,"Z","78","UNKNOWN","UNKNOWN","UNKNOWN","2020"
"10.1145/3313831.3376707",1,"Wilcoxon-Signed rank test","16","< .001","individual narrated words",1,"Z","78","UNKNOWN","UNKNOWN","UNKNOWN","2020"
"10.1145/3313831.3376707",1,"Wilcoxon-Signed rank test","16","< .001","listening to narrated full text",1,"Z","300","UNKNOWN","UNKNOWN","UNKNOWN","2020"
"10.1145/3313831.3376707",2,"Wilcoxon-Signed rank test","16","< .001","",NA,"","","","","","2019"
"10.1145/3313831.3376707",2,"t-test","12","< .001","",1,"d","1.531","UNKNOWN","UNKNOWN","UNKNOWN","2020"
"10.1145/3313831.3376707",2,"t-test","12","< .001","reading individual words",1,"t","14.327","UNKNOWN","UNKNOWN","UNKNOWN","2020"
"10.1145/3313831.3376707",2,"t-test","12","< .001","reading full texts",1,"t","23.307","UNKNOWN","UNKNOWN","UNKNOWN","2020"
"10.1145/3313831.3376707",3,"t-test","12","< .001","",1,"d","1.531","UNKNOWN","UNKNOWN","UNKNOWN","2019"
"10.1145/3313831.3376707",3,"Support Vector Machine (SVM) with radial kernel","16","UNKNOWN","",1,"accuracy","87.13%","UNKNOWN","UNKNOWN","UNKNOWN","2020"
"10.1145/3313831.3376707",3,"Support Vector Machine (SVM) with radial kernel","16","UNKNOWN","reading",1,"accuracy","87.13%","91.63%","82.63%","95% CI","2020"
"10.1145/3313831.3376707",3,"Support Vector Machine (SVM) with radial kernel","16","UNKNOWN","listening",1,"accuracy","82.64%","92.24%","73.04%","95% CI","2020"
"10.1145/3313831.3376707",4,"t-test","12","< .001","",1,"d","0.758","UNKNOWN","UNKNOWN","UNKNOWN","2019"
"10.1145/3313831.3376772",1,"Repeated Measures ANOVA","12","< .01","",1,"η_G^2",".1","UNKNOWN","UNKNOWN","UNKNOWN","2020"
"10.1145/3313831.3376772",2,"Repeated Measures ANOVA","12","< .001","",1,"η_G^2",".007","UNKNOWN","UNKNOWN","UNKNOWN","2020"
"10.1145/3313831.3376772",2,"Repeated Measures ANOVA","12","< .001","Learning Effect",1,"η_G^2",".007","UNKNOWN","UNKNOWN","UNKNOWN","2020"
"10.1145/3313831.3376772",3,"ANOVA with Aligned Rank Transform (ART)","12","< .0001","",1,"UNKNOWN","UNKNOWN","UNKNOWN","UNKNOWN","UNKNOWN","2020"
"10.1145/3313831.3376772",3,"ANOVA with Aligned Rank Transform (ART)","12","< .0001","Contact",1,"UNKNOWN","UNKNOWN","UNKNOWN","UNKNOWN","UNKNOWN","2020"
"10.1145/3313831.3376772",4,"Linear Mixed Effects (LMM) ANOVA","12","< .0001","",1,"UNKNOWN","UNKNOWN","UNKNOWN","UNKNOWN","UNKNOWN","2020"
"10.1145/3313831.3376772",4,"Linear Mixed Effects (LMM) ANOVA","12","< .0001","Contact Location",1,"UNKNOWN","UNKNOWN","UNKNOWN","UNKNOWN","UNKNOWN","2020"
"10.1145/3313831.3376772",5,"ANOVA with Aligned Rank Transform (ART)","12","< .0001","",1,"UNKNOWN","UNKNOWN","UNKNOWN","UNKNOWN","UNKNOWN","2020"
"10.1145/3313831.3376772",5,"ANOVA with Aligned Rank Transform (ART)","12","< .0001","Contact Type",1,"UNKNOWN","UNKNOWN","UNKNOWN","UNKNOWN","UNKNOWN","2020"
"10.1145/3313831.3376772",6,"ANOVA with Aligned Rank Transform (ART)","12","< .0001","",1,"UNKNOWN","UNKNOWN","UNKNOWN","UNKNOWN","UNKNOWN","2020"
"10.1145/3313831.3376772",6,"ANOVA with Aligned Rank Transform (ART)","12","< .0001","Size+",1,"UNKNOWN","UNKNOWN","UNKNOWN","UNKNOWN","UNKNOWN","2020"
"10.1145/3313831.3376772",6,"ANOVA with Aligned Rank Transform (ART)","12","< .0001","Contact+",1,"UNKNOWN","UNKNOWN","UNKNOWN","UNKNOWN","UNKNOWN","2020"
"10.1145/3313831.3376772",7,"Kruskal-Wallis test","32","< .05","",1,"UNKNOWN","UNKNOWN","UNKNOWN","UNKNOWN","UNKNOWN","2020"
"10.1145/3313831.3376772",7,"Kruskal-Wallis test","32","< .05","Condition",1,"UNKNOWN","UNKNOWN","UNKNOWN","UNKNOWN","UNKNOWN","2020"
"10.1145/3313831.3376772",8,"ANOVA on log-transformed data","32","UNKNOWN","",1,"UNKNOWN","UNKNOWN","UNKNOWN","UNKNOWN","UNKNOWN","2020"
"10.1145/3313831.3376772",8,"ANOVA on log-transformed data","32","UNKNOWN","Condition",1,"UNKNOWN","UNKNOWN","UNKNOWN","UNKNOWN","UNKNOWN","2020"
"10.1145/3313831.3376772",8,"ANOVA on log-transformed data","32","UNKNOWN","Block",1,"UNKNOWN","UNKNOWN","UNKNOWN","UNKNOWN","UNKNOWN","2020"
"10.1145/3313831.3376772",9,"ANOVA based on Aligned Rank Transform (ART)","32","< .01","",1,"UNKNOWN","UNKNOWN","UNKNOWN","UNKNOWN","UNKNOWN","2020"
"10.1145/3313831.3376772",9,"ANOVA based on Aligned Rank Transform (ART)","32","< .0001","Block",1,"UNKNOWN","UNKNOWN","UNKNOWN","UNKNOWN","UNKNOWN","2020"
"10.1145/3313831.3376772",9,"ANOVA based on Aligned Rank Transform (ART)","32","< .01","Condition",1,"UNKNOWN","UNKNOWN","UNKNOWN","UNKNOWN","UNKNOWN","2020"
"10.1145/3313831.3376772",9,"ANOVA based on Aligned Rank Transform (ART)","32","< .001","Condition × Block Interaction",1,"UNKNOWN","UNKNOWN","UNKNOWN","UNKNOWN","UNKNOWN","2020"
"10.1145/3313831.3376772",10,"ANOVA based on Aligned Rank Transform (ART)","32","< .0001","",1,"UNKNOWN","UNKNOWN","UNKNOWN","UNKNOWN","UNKNOWN","2020"
"10.1145/3313831.3376772",10,"ANOVA based on Aligned Rank Transform (ART)","32","< .0001","Condition",1,"UNKNOWN","UNKNOWN","UNKNOWN","UNKNOWN","UNKNOWN","2020"
"10.1145/3411764.3445109",1,"Repeated Measures ANOVA","151","< .001","",1,"Partial Eta Squared (ηp²)",".05","UNKNOWN","UNKNOWN","UNKNOWN","2021"
"10.1145/3411764.3445109",2,"Repeated Measures ANOVA","151","< .001","",1,"Partial Eta Squared (ηp²)",".05","UNKNOWN","UNKNOWN","UNKNOWN","2021"
"10.1145/3411764.3445109",3,"Repeated Measures ANOVA","151",".001","",1,"Partial Eta Squared (ηp²)",".05","UNKNOWN","UNKNOWN","UNKNOWN","2021"
"10.1145/3411764.3445109",4,"Repeated Measures ANOVA","151",".39","",1,"Partial Eta Squared (ηp²)",".005","UNKNOWN","UNKNOWN","UNKNOWN","2021"
"10.1145/3411764.3445109",5,"Repeated Measures ANOVA","151",".02","",1,"Partial Eta Squared (ηp²)",".04","UNKNOWN","UNKNOWN","UNKNOWN","2021"
"10.1145/3411764.3445109",6,"Repeated Measures ANOVA","151","< .001","",1,"Partial Eta Squared (ηp²)",".09","UNKNOWN","UNKNOWN","UNKNOWN","2021"
"10.1145/3411764.3445109",7,"Repeated Measures ANOVA","151",".03","",1,"Partial Eta Squared (ηp²)",".03","UNKNOWN","UNKNOWN","UNKNOWN","2021"
"10.1145/3411764.3445109",8,"Repeated Measures ANOVA","151",".23","",1,"Partial Eta Squared (ηp²)",".01","UNKNOWN","UNKNOWN","UNKNOWN","2021"
"10.1145/3411764.3445109",9,"Paired Sample t-test","151",".001","",1,"Cohen's d","0.28","UNKNOWN","UNKNOWN","UNKNOWN","2021"
"10.1145/3411764.3445109",10,"Paired Sample t-test","151","< .001","",1,"Cohen's d","0.38","UNKNOWN","UNKNOWN","UNKNOWN","2021"
"10.1145/3411764.3445109",11,"Paired Sample t-test","151","< .001","",1,"Cohen's d","0.3","UNKNOWN","UNKNOWN","UNKNOWN","2021"
"10.1145/3411764.3445109",12,"Mediation Analysis","151","UNKNOWN","",1,"Unstandardized Indirect Effect Coefficient","-7.59","-4.48","-10.94","95% CI","2021"
"10.1145/3411764.3445109",13,"Mediation Analysis","151","UNKNOWN","",1,"Unstandardized Indirect Effect Coefficient","-8.27","-5.76","-11.12","95% CI","2021"
"10.1145/3411764.3445109",14,"Mediation Analysis","151","UNKNOWN","",1,"Unstandardized Indirect Effect Coefficient","-9.77","-7.11","-12.64","95% CI","2021"
"10.1145/3411764.3445109",15,"Correlation","151","< .05","",1,"Correlation Coefficient (r)","-0.17","UNKNOWN","UNKNOWN","UNKNOWN","2021"
"10.1145/3411764.3445109",16,"Correlation","151","< .01","",1,"Correlation Coefficient (r)","-0.22","UNKNOWN","UNKNOWN","UNKNOWN","2021"
"10.1145/3411764.3445109",17,"Correlation","151","UNKNOWN","",1,"Correlation Coefficient (r)","-0.03","UNKNOWN","UNKNOWN","UNKNOWN","2021"
"10.1145/3411764.3445109",18,"Correlation","151","< .05","",1,"Correlation Coefficient (r)","-0.14","UNKNOWN","UNKNOWN","UNKNOWN","2021"
"10.1145/3411764.3445109",19,"Correlation","151","< .01","",1,"Correlation Coefficient (r)","0.23","UNKNOWN","UNKNOWN","UNKNOWN","2021"
"10.1145/3411764.3445109",20,"Correlation","151","< .01","",1,"Correlation Coefficient (r)","0.21","UNKNOWN","UNKNOWN","UNKNOWN","2021"
"10.1145/3411764.3445109",21,"Correlation","151","< .01","",1,"Correlation Coefficient (r)","0.44","UNKNOWN","UNKNOWN","UNKNOWN","2021"
"10.1145/3411764.3445109",22,"Correlation","151","< .01","",1,"Correlation Coefficient (r)","0.24","UNKNOWN","UNKNOWN","UNKNOWN","2021"
"10.1145/3411764.3445109",23,"Correlation","151","< .05","",1,"Correlation Coefficient (r)","-0.16","UNKNOWN","UNKNOWN","UNKNOWN","2021"
"10.1145/3411764.3445109",24,"Descriptive Statistics","151","UNKNOWN","",1,"Mean (M)","39.7","UNKNOWN","UNKNOWN","UNKNOWN","2021"
"10.1145/3411764.3445109",25,"Descriptive Statistics","151","UNKNOWN","",1,"Mean (M)","31.6","UNKNOWN","UNKNOWN","UNKNOWN","2021"
"10.1145/3411764.3445109",26,"Descriptive Statistics","151","UNKNOWN","",1,"Mean (M)","76.6","UNKNOWN","UNKNOWN","UNKNOWN","2021"
"10.1145/3411764.3445109",27,"Descriptive Statistics","151","UNKNOWN","",1,"Mean (M)","70.4","UNKNOWN","UNKNOWN","UNKNOWN","2021"
"10.1145/3411764.3445109",28,"Descriptive Statistics","151","UNKNOWN","",1,"Mean (M)","57.4","UNKNOWN","UNKNOWN","UNKNOWN","2021"
"10.1145/3411764.3445109",29,"Descriptive Statistics","151","UNKNOWN","",1,"Mean (M)","52.4","UNKNOWN","UNKNOWN","UNKNOWN","2021"
"10.1145/3411764.3445489",1,"Mixed ANOVA","223","< .001","",1,"η²",".28","UNKNOWN","UNKNOWN","UNKNOWN","2021"
"10.1145/3411764.3445489",1,"Mixed ANOVA","223","< .001","",2,"η²",".08","UNKNOWN","UNKNOWN","UNKNOWN","2021"
"10.1145/3411764.3445489",1,"Mixed ANOVA","223","< .001","",3,"η²",".10","UNKNOWN","UNKNOWN","UNKNOWN","2021"
"10.1145/3411764.3445489",1,"Mixed ANOVA","223","< .001","Time Periods",1,"η²",".28","UNKNOWN","UNKNOWN","UNKNOWN","2021"
"10.1145/3411764.3445489",1,"Mixed ANOVA","223","0.001","Groups",1,"η²",".08","UNKNOWN","UNKNOWN","UNKNOWN","2021"
"10.1145/3411764.3445489",1,"Mixed ANOVA","223","< .001","Interaction (Period x Group)",1,"η²",".10","UNKNOWN","UNKNOWN","UNKNOWN","2021"
"10.1145/3411764.3445489",2,"Mixed ANOVA","223","< .001","",1,"η²",".269","UNKNOWN","UNKNOWN","UNKNOWN","2021"
"10.1145/3411764.3445489",2,"Mixed ANOVA","223","< .001","",2,"η²",".069","UNKNOWN","UNKNOWN","UNKNOWN","2021"
"10.1145/3411764.3445489",2,"Mixed ANOVA","223","< .001","",3,"η²",".069","UNKNOWN","UNKNOWN","UNKNOWN","2021"
"10.1145/3411764.3445489",2,"Mixed ANOVA","223","< .001","Time Periods",1,"η²",".269","UNKNOWN","UNKNOWN","UNKNOWN","2021"
"10.1145/3411764.3445489",2,"Mixed ANOVA","223","< .001","Groups",1,"η²",".069","UNKNOWN","UNKNOWN","UNKNOWN","2021"
"10.1145/3411764.3445489",2,"Mixed ANOVA","223","< .001","Interaction (Period x Group)",1,"η²",".069","UNKNOWN","UNKNOWN","UNKNOWN","2021"
"10.1145/3411764.3445615",1,"Chi-square test","231","<0.001","",1,"Chi-square","34.89","UNKNOWN","UNKNOWN","UNKNOWN","2021"
"10.1145/3411764.3445615",2,"Chi-square test","240","<0.001","",1,"Chi-square","21.78","UNKNOWN","UNKNOWN","UNKNOWN","2021"
"10.1145/3411764.3445742",1,"Mann-Whitney U-test","350","UNKNOWN","",NA,"","","","","","2021"
"10.1145/3411764.3445742",1,"Mann-Whitney U-test","350","significantly less inclusive for non-binary participants","Option 1 (Male/Female)",NA,"","","","","","2021"
"10.1145/3411764.3445742",1,"Mann-Whitney U-test","350","significantly less inclusive for non-binary participants","Option 2 (Male/Female/Other)",NA,"","","","","","2021"
"10.1145/3411764.3445742",1,"Mann-Whitney U-test","350","most inclusive for both binary and non-binary participants","Option 4",NA,"","","","","","2021"
"10.1145/3411764.3445742",2,"Mann-Whitney U-test","350","UNKNOWN","",NA,"","","","","","2021"
"10.1145/3411764.3445742",2,"Mann-Whitney U-test","350","significantly more misgendering for non-binary participants","Option 1 (Male/Female)",NA,"","","","","","2021"
"10.1145/3411764.3445742",2,"Mann-Whitney U-test","350","significantly more misgendering for non-binary participants","Option 2 (Male/Female/Other)",NA,"","","","","","2021"
"10.1145/3411764.3445742",2,"Mann-Whitney U-test","350","significantly more misgendering for non-binary participants","Option 3 (Male/Female/Something else)",NA,"","","","","","2021"
"10.1145/3411764.3445742",2,"Mann-Whitney U-test","350","significantly more misgendering for non-binary participants in the dating context","Option 5 (Checkboxes)",NA,"","","","","","2021"
"10.1145/3411764.3445742",3,"Mann-Whitney U-test","350","UNKNOWN","",NA,"","","","","","2021"
"10.1145/3411764.3445742",3,"Mann-Whitney U-test","350","significantly less comfortable for non-binary participants","Option 1 (Male/Female)",NA,"","","","","","2021"
"10.1145/3411764.3445742",3,"Mann-Whitney U-test","350","significantly less comfortable for non-binary participants","Option 2 (Male/Female/Other)",NA,"","","","","","2021"
"10.1145/3411764.3445742",3,"Mann-Whitney U-test","350","significantly less comfortable for non-binary participants","Option 3 (Male/Female/Something else)",NA,"","","","","","2021"
"10.1145/3491102.3501825",1,"Chi-square test","1296","0.55","",1,"Chi-squared test statistic","0.354","UNKNOWN","UNKNOWN","UNKNOWN","2022"
"10.1145/3491102.3501825",2,"Fisher's exact test","UNKNOWN","<0.01","",1,"Inter-rater reliability","0.13","UNKNOWN","UNKNOWN","UNKNOWN","2022"
"10.1145/3491102.3501825",3,"Chi-squared test","UNKNOWN","0.01","",1,"Cohen's kappa","0.33","UNKNOWN","UNKNOWN","UNKNOWN","2022"
"10.1145/3491102.3501825",4,"Chi-squared test","33","<0.01","",1,"Average rating (abstract)","2.63","UNKNOWN","UNKNOWN","Standard Error","2022"
"10.1145/3491102.3501825",4,"Chi-squared test","33","<0.01","",2,"Average rating (figurative)","3.16","UNKNOWN","UNKNOWN","Standard Error","2022"
"10.1145/3491102.3501825",5,"Mann-Whitney test","UNKNOWN","0.377","",1,"Average rating (Western)","2.92","UNKNOWN","UNKNOWN","Standard Error","2022"
"10.1145/3491102.3501825",5,"Mann-Whitney test","UNKNOWN","0.377","",2,"Average rating (Non-Western)","2.95","UNKNOWN","UNKNOWN","Standard Error","2022"
"10.1145/3491102.3501825",6,"Kruskal-Wallis test","UNKNOWN","<0.001","",1,"Average rating (premodern)","3.11","UNKNOWN","UNKNOWN","Standard Error","2022"
"10.1145/3491102.3501825",6,"Kruskal-Wallis test","UNKNOWN","<0.001","",2,"Average rating (modern)","2.83","UNKNOWN","UNKNOWN","Standard Error","2022"
"10.1145/3491102.3501825",6,"Kruskal-Wallis test","UNKNOWN","<0.001","",3,"Average rating (digital)","2.41","UNKNOWN","UNKNOWN","Standard Error","2022"
"10.1145/3491102.3501825",7,"Pearson's correlation coefficient","UNKNOWN","UNKNOWN","",1,"Pearson's r","0.62","UNKNOWN","UNKNOWN","UNKNOWN","2022"
"10.1145/3491102.3501825",8,"Two-way ANOVA","UNKNOWN","<0.01","",1,"Average rating (abstract-abstract)","3.05","UNKNOWN","UNKNOWN","UNKNOWN","2022"
"10.1145/3491102.3501825",8,"Two-way ANOVA","UNKNOWN","<0.01","",2,"Average rating (abstract-concrete)","3.17","UNKNOWN","UNKNOWN","UNKNOWN","2022"
"10.1145/3491102.3501825",8,"Two-way ANOVA","UNKNOWN","<0.01","",3,"Average rating (figurative-abstract)","3.49","UNKNOWN","UNKNOWN","UNKNOWN","2022"
"10.1145/3491102.3501825",8,"Two-way ANOVA","UNKNOWN","<0.01","",4,"Average rating (figurative-concrete)","3.54","UNKNOWN","UNKNOWN","UNKNOWN","2022"
"10.1145/3491102.3501825",8,"Two-way ANOVA","UNKNOWN","<0.01","abstract or concrete nature of subject",1,"UNKNOWN","UNKNOWN","UNKNOWN","UNKNOWN","UNKNOWN","2022"
"10.1145/3491102.3501825",8,"Two-way ANOVA","UNKNOWN","<0.01","abstract or figurative nature of style",1,"UNKNOWN","UNKNOWN","UNKNOWN","UNKNOWN","UNKNOWN","2022"
"10.1145/3491102.3501825",8,"Two-way ANOVA","UNKNOWN","<0.01","interaction between subject and style",1,"UNKNOWN","UNKNOWN","UNKNOWN","UNKNOWN","UNKNOWN","2022"
"10.1145/3491102.3501848",1,"MANOVA for Model-Specific Effects","1526","0.630","",1,"Partial Eta Squared (ηp²)","0.011","UNKNOWN","UNKNOWN","UNKNOWN","2022"
"10.1145/3491102.3501848",1,"MANOVA for Model-Specific Effects","1526","0.630","Model",1,"Partial Eta Squared (ηp²)","0.011","UNKNOWN","UNKNOWN","UNKNOWN","2022"
"10.1145/3491102.3501848",2,"MANOVA for Voice-Specific Effects","1526","0.183","",1,"Partial Eta Squared (ηp²)","0.015","UNKNOWN","UNKNOWN","UNKNOWN","2022"
"10.1145/3491102.3501848",2,"MANOVA for Voice-Specific Effects","1526","0.183","Voice",1,"Partial Eta Squared (ηp²)","0.015","UNKNOWN","UNKNOWN","UNKNOWN","2022"
"10.1145/3491102.3501848",3,"Factorial 2x2 ANOVA (Choice Visual x Choice Audial)","1526","UNKNOWN","",1,"Partial Eta Squared (ηp²)","0.01 to 0.09","UNKNOWN","UNKNOWN","UNKNOWN","2022"
"10.1145/3491102.3501848",3,"Factorial 2x2 ANOVA (Choice Visual x Choice Audial)","1526","UNKNOWN","Choice Visual",1,"Partial Eta Squared (ηp²)","0.01 to 0.09","UNKNOWN","UNKNOWN","UNKNOWN","2022"
"10.1145/3491102.3501848",3,"Factorial 2x2 ANOVA (Choice Visual x Choice Audial)","1526","UNKNOWN","Choice Audial",1,"Partial Eta Squared (ηp²)","0.01","UNKNOWN","UNKNOWN","UNKNOWN","2022"
"10.1145/3491102.3501848",3,"Factorial 2x2 ANOVA (Choice Visual x Choice Audial)","1526","UNKNOWN","Interaction (Choice Visual x Choice Audial)",1,"Partial Eta Squared (ηp²)","0.01","UNKNOWN","UNKNOWN","UNKNOWN","2022"
"10.1145/3491102.3501848",4,"Factorial 2x2 ANOVA (Choice Visual x Choice Audial)","1526","UNKNOWN","",1,"Partial Eta Squared (ηp²)","Small","UNKNOWN","UNKNOWN","UNKNOWN","2022"
"10.1145/3491102.3501848",4,"Factorial 2x2 ANOVA (Choice Visual x Choice Audial)","1526","UNKNOWN","Choice Visual",1,"Partial Eta Squared (ηp²)","Small","UNKNOWN","UNKNOWN","UNKNOWN","2022"
"10.1145/3491102.3501848",4,"Factorial 2x2 ANOVA (Choice Visual x Choice Audial)","1526","UNKNOWN","Choice Audial",1,"Partial Eta Squared (ηp²)","Small","UNKNOWN","UNKNOWN","UNKNOWN","2022"
"10.1145/3491102.3501848",4,"Factorial 2x2 ANOVA (Choice Visual x Choice Audial)","1526","UNKNOWN","Interaction (Choice Visual x Choice Audial)",1,"Partial Eta Squared (ηp²)","Small","UNKNOWN","UNKNOWN","UNKNOWN","2022"
"10.1145/3491102.3501848",5,"Mediation Analysis","1526","UNKNOWN","",1,"Regression Coefficients (a, b, c', c, ab)","Various","UNKNOWN","UNKNOWN","95% bias-corrected confidence interval based on 10,000 bootstrap samples","2022"
"10.1145/3491102.3501848",5,"Mediation Analysis","1526","UNKNOWN","Visual Choice",1,"Regression Coefficients (a, b, c', c, ab)","Various","UNKNOWN","UNKNOWN","95% bias-corrected confidence interval based on 10,000 bootstrap samples","2022"
"10.1145/3491102.3501848",6,"Descriptive Statistics for Intrinsic Motivation","1526","UNKNOWN","",NA,"","","","","","2022"
"10.1145/3491102.3501848",6,"Descriptive Statistics for Intrinsic Motivation","1526","UNKNOWN","Visual No Choice",NA,"","","","","","2022"
"10.1145/3491102.3501848",6,"Descriptive Statistics for Intrinsic Motivation","1526","UNKNOWN","Visual Choice",NA,"","","","","","2022"
"10.1145/3491102.3501848",6,"Descriptive Statistics for Intrinsic Motivation","1526","UNKNOWN","Audial No Choice",NA,"","","","","","2022"
"10.1145/3491102.3501848",6,"Descriptive Statistics for Intrinsic Motivation","1526","UNKNOWN","Audial Choice",NA,"","","","","","2022"
"10.1145/3491102.3501848",7,"Descriptive Statistics for Immersion","1526","UNKNOWN","",NA,"","","","","","2022"
"10.1145/3491102.3501848",7,"Descriptive Statistics for Immersion","1526","UNKNOWN","Visual No Choice",NA,"","","","","","2022"
"10.1145/3491102.3501848",7,"Descriptive Statistics for Immersion","1526","UNKNOWN","Visual Choice",NA,"","","","","","2022"
"10.1145/3491102.3501848",7,"Descriptive Statistics for Immersion","1526","UNKNOWN","Audial No Choice",NA,"","","","","","2022"
"10.1145/3491102.3501848",7,"Descriptive Statistics for Immersion","1526","UNKNOWN","Audial Choice",NA,"","","","","","2022"
"10.1145/3491102.3501848",8,"Descriptive Statistics for Time Spent Playing","1526","UNKNOWN","",NA,"","","","","","2022"
"10.1145/3491102.3501848",8,"Descriptive Statistics for Time Spent Playing","1526","UNKNOWN","Visual No Choice",NA,"","","","","","2022"
"10.1145/3491102.3501848",8,"Descriptive Statistics for Time Spent Playing","1526","UNKNOWN","Visual Choice",NA,"","","","","","2022"
"10.1145/3491102.3501848",8,"Descriptive Statistics for Time Spent Playing","1526","UNKNOWN","Audial No Choice",NA,"","","","","","2022"
"10.1145/3491102.3501848",8,"Descriptive Statistics for Time Spent Playing","1526","UNKNOWN","Audial Choice",NA,"","","","","","2022"
"10.1145/3491102.3501848",9,"Descriptive Statistics for Motivation for Future Play","1526","UNKNOWN","",NA,"","","","","","2022"
"10.1145/3491102.3501848",9,"Descriptive Statistics for Motivation for Future Play","1526","UNKNOWN","Visual No Choice",NA,"","","","","","2022"
"10.1145/3491102.3501848",9,"Descriptive Statistics for Motivation for Future Play","1526","UNKNOWN","Visual Choice",NA,"","","","","","2022"
"10.1145/3491102.3501848",9,"Descriptive Statistics for Motivation for Future Play","1526","UNKNOWN","Audial No Choice",NA,"","","","","","2022"
"10.1145/3491102.3501848",9,"Descriptive Statistics for Motivation for Future Play","1526","UNKNOWN","Audial Choice",NA,"","","","","","2022"
"10.1145/3491102.3501848",10,"Descriptive Statistics for Likelihood of Game Recommendation","1526","UNKNOWN","",NA,"","","","","","2022"
"10.1145/3491102.3501848",10,"Descriptive Statistics for Likelihood of Game Recommendation","1526","UNKNOWN","Visual No Choice",NA,"","","","","","2022"
"10.1145/3491102.3501848",10,"Descriptive Statistics for Likelihood of Game Recommendation","1526","UNKNOWN","Visual Choice",NA,"","","","","","2022"
"10.1145/3491102.3501848",10,"Descriptive Statistics for Likelihood of Game Recommendation","1526","UNKNOWN","Audial No Choice",NA,"","","","","","2022"
"10.1145/3491102.3501848",10,"Descriptive Statistics for Likelihood of Game Recommendation","1526","UNKNOWN","Audial Choice",NA,"","","","","","2022"
"10.1145/3491102.3501999",1,"t-test","234","< 0.001","",NA,"","","","","","2022"
"10.1145/3491102.3501999",2,"Two-way ANOVA","234","< 0.001","",NA,"","","","","","2022"
"10.1145/3491102.3501999",2,"Two-way ANOVA","234","< 0.001","Distribution Type",NA,"","","","","","2022"
"10.1145/3491102.3501999",2,"Two-way ANOVA","234","< 0.001","Experimental Condition",NA,"","","","","","2022"
"10.1145/3491102.3501999",2,"Two-way ANOVA","234","< 0.001","Interaction",NA,"","","","","","2022"
"10.1145/3491102.3501999",3,"One-way ANOVA (WikiAttack)","234","< 0.001","",NA,"","","","","","2022"
"10.1145/3491102.3501999",4,"One-way ANOVA (Reddit)","234","0.864","",NA,"","","","","","2022"
"10.1145/3491102.3501999",5,"Post-hoc Tukey's HSD (WikiAttack)","234","< 0.001","",NA,"","","","","","2022"
"10.1145/3491102.3501999",6,"Post-hoc Tukey's HSD (Reddit)","234","0.004, 0.028","",NA,"","","","","","2022"
"10.1145/3491102.3501999",7,"Two-way ANOVA on Reward","234","< 0.001","",NA,"","","","","","2022"
"10.1145/3491102.3501999",7,"Two-way ANOVA on Reward","234","< 0.001","Distribution Type",NA,"","","","","","2022"
"10.1145/3491102.3501999",7,"Two-way ANOVA on Reward","234","< 0.001","Interaction",NA,"","","","","","2022"
"10.1145/3491102.3501999",8,"One-way ANOVA on Reward (WikiAttack)","234","0.01","",NA,"","","","","","2022"
"10.1145/3491102.3501999",9,"One-way ANOVA on Reward (Reddit)","234","0.018","",NA,"","","","","","2022"
"10.1145/3491102.3501999",10,"Post-hoc Tukey's HSD on Reward (WikiAttack)","234","< 0.001, 0.007, 0.004","",NA,"","","","","","2022"
"10.1145/3491102.3501999",11,"Post-hoc Tukey's HSD on Reward (Reddit)","234","0.018","",NA,"","","","","","2022"
"10.1145/3491102.3501999",12,"Two-way ANOVA on User Engagement and Efficiency","234","< 0.001","",NA,"","","","","","2022"
"10.1145/3491102.3501999",12,"Two-way ANOVA on User Engagement and Efficiency","234","< 0.001","Experimental Condition",NA,"","","","","","2022"
"10.1145/3491102.3501999",13,"One-way ANOVA on Experimental Conditions (Number of Actions)","234","< 0.001","",NA,"","","","","","2022"
"10.1145/3491102.3501999",14,"Post-hoc Tukey's HSD (Number of Actions)","234","< 0.001, 0.009","",NA,"","","","","","2022"
"10.1145/3491102.3501999",15,"One-way ANOVA on Experimental Conditions (Number of Rules)","234","0.021","",NA,"","","","","","2022"
"10.1145/3491102.3501999",16,"Post-hoc Tukey's HSD (Number of Rules)","234","0.028","",NA,"","","","","","2022"
"10.1145/3491102.3501999",17,"One-way ANOVA on Experimental Conditions (Elapsed Time)","234","0.074","",NA,"","","","","","2022"
"10.1145/3491102.3501999",18,"One-way ANOVA on Experimental Conditions (Rules per Minute)","234","0.008","",NA,"","","","","","2022"
"10.1145/3491102.3501999",19,"Post-hoc Tukey's HSD (Rules per Minute)","234","0.031","",NA,"","","","","","2022"
"10.1145/3491102.3501999",20,"Two-way ANOVA on Subjective Workload","234","Not statistically significant","",NA,"","","","","","2022"
"10.1145/3491102.3501999",21,"Two-way ANOVA on Confidence","234","Not statistically significant","",NA,"","","","","","2022"
"10.1145/3491102.3501999",22,"Two-way ANOVA on Perceived Understanding","234","0.063","",NA,"","","","","","2022"
"10.1145/3491102.3502027",1,"Welch Two Sample t-test","86","<0.001","",1,"t","-6.696","UNKNOWN","UNKNOWN","UNKNOWN","2022"
"10.1145/3491102.3502027",2,"Paired t-test","86","<0.001","",1,"t","18.113","UNKNOWN","UNKNOWN","UNKNOWN","2022"
"10.1145/3491102.3502027",3,"One-way ANOVA","86","<0.01","",1,"F","9.77","UNKNOWN","UNKNOWN","UNKNOWN","2022"
"10.1145/3491102.3502027",3,"One-way ANOVA","86","<0.01","Intervention Type",1,"χ2","9.77","UNKNOWN","UNKNOWN","UNKNOWN","2022"
"10.1145/3491102.3502027",4,"Pearson's correlation","86","UNKNOWN","",1,"r","-0.06","UNKNOWN","UNKNOWN","UNKNOWN","2022"
"10.1145/3491102.3517495",1,"Meta-analysis on the effectiveness of social biofeedback interactions on positive emotions","204","UNKNOWN","",1,"Cohen's d","1.46","2.11","0.78","95% CI","2022"
"10.1145/3491102.3517495",1,"Meta-analysis on the effectiveness of social biofeedback interactions on positive emotions","204","UNKNOWN","",2,"Cohen's d","1.38","2.04","0.71","95% CI","2022"
"10.1145/3491102.3517495",1,"Meta-analysis on the effectiveness of social biofeedback interactions on positive emotions","204","UNKNOWN","",3,"Cohen's d","1.34","2.00","0.68","95% CI","2022"
"10.1145/3544548.3580942",1,"Paired t-test","200","0.006","",1,"t","-3.96","UNKNOWN","UNKNOWN","UNKNOWN","2023"
"10.1145/3544548.3580942",2,"ANOVA","200","0.53","",1,"F","0.88","UNKNOWN","UNKNOWN","UNKNOWN","2023"
"10.1145/3544548.3580942",3,"Shapiro-Wilk test","200","0.63","",1,"W","0.99","UNKNOWN","UNKNOWN","UNKNOWN","2023"
"10.1145/3544548.3580942",4,"Comparison of DP occurrence rates","200","UNKNOWN","",1,"Rate Difference","Varies by DP","UNKNOWN","UNKNOWN","UNKNOWN","2023"
"10.1145/3544548.3581027",1,"Friedman test","12","< 0.05","",1,"χ²","18.95","UNKNOWN","UNKNOWN","UNKNOWN","2023"
"10.1145/3544548.3581027",1,"Friedman test","12","< 0.05","comfort",1,"χ²","18.95","UNKNOWN","UNKNOWN","UNKNOWN","2023"
"10.1145/3544548.3581027",1,"Friedman test","12","< 0.001","control",1,"χ²","33.25","UNKNOWN","UNKNOWN","UNKNOWN","2023"
"10.1145/3544548.3581027",1,"Friedman test","12","< 0.05","realness",1,"χ²","24.33","UNKNOWN","UNKNOWN","UNKNOWN","2023"
"10.1145/3544548.3581027",2,"Repeated Measures ANOVA","16","< 0.05","",1,"F","3.43","UNKNOWN","UNKNOWN","UNKNOWN","2023"
"10.1145/3544548.3581027",2,"Repeated Measures ANOVA","16","< 0.05","avatars",1,"F","3.43","UNKNOWN","UNKNOWN","UNKNOWN","2023"
"10.1145/3544548.3581027",2,"Repeated Measures ANOVA","16","< 0.001","control methods",1,"F","286.18","UNKNOWN","UNKNOWN","UNKNOWN","2023"
"10.1145/3544548.3581027",2,"Repeated Measures ANOVA","16","< 0.001","interaction effect between avatars and control methods",1,"F","137.05","UNKNOWN","UNKNOWN","UNKNOWN","2023"
"10.1145/3544548.3581027",3,"Wilcoxon signed-rank test","16","0.28","",1,"Z","-1.08","UNKNOWN","UNKNOWN","UNKNOWN","2023"
"10.1145/3544548.3581027",3,"Wilcoxon signed-rank test","16","0.28","embodiment",1,"Z","-1.08","UNKNOWN","UNKNOWN","UNKNOWN","2023"
"10.1145/3544548.3581027",3,"Wilcoxon signed-rank test","16","< 0.01","sense of control",1,"Z","-3.12","UNKNOWN","UNKNOWN","UNKNOWN","2023"
"10.1145/3544548.3581027",3,"Wilcoxon signed-rank test","16","< 0.01","physical load",1,"Z","-2.69","UNKNOWN","UNKNOWN","UNKNOWN","2023"
"10.1145/3544548.3581027",3,"Wilcoxon signed-rank test","16","< 0.05","comfort",1,"Z","-2.00","UNKNOWN","UNKNOWN","UNKNOWN","2023"
"10.1145/3544548.3581027",3,"Wilcoxon signed-rank test","16","< 0.01","satisfaction",1,"Z","-2.65","UNKNOWN","UNKNOWN","UNKNOWN","2023"
"10.1145/3544548.3581027",4,"Wilcoxon signed-rank test","16","0.06","",1,"Z","-1.92","UNKNOWN","UNKNOWN","UNKNOWN","2023"
"10.1145/3544548.3581027",4,"Wilcoxon signed-rank test","16","0.06","embodiment",1,"Z","-1.92","UNKNOWN","UNKNOWN","UNKNOWN","2023"
"10.1145/3544548.3581027",4,"Wilcoxon signed-rank test","16","0.016","sense of control",1,"Z","-2.41","UNKNOWN","UNKNOWN","UNKNOWN","2023"
"10.1145/3544548.3581027",4,"Wilcoxon signed-rank test","16","0.012","comfort",1,"Z","-2.52","UNKNOWN","UNKNOWN","UNKNOWN","2023"
"10.1145/3544548.3581027",4,"Wilcoxon signed-rank test","16","0.011","physical load",1,"Z","-2.54","UNKNOWN","UNKNOWN","UNKNOWN","2023"
"10.1145/3544548.3581027",4,"Wilcoxon signed-rank test","16","0.031","satisfaction",1,"Z","-2.15","UNKNOWN","UNKNOWN","UNKNOWN","2023"
"10.1145/3544548.3581087",1,"Accuracy Comparison for Bar Charts (Susurrus vs. Highcharts)","12","UNKNOWN","",1,"Cohen's d","0.45","UNKNOWN","UNKNOWN","95%","2023"
"10.1145/3544548.3581087",2,"Accuracy Comparison for Line Charts (Susurrus vs. Highcharts)","12","UNKNOWN","",1,"Cohen's d","0.20","UNKNOWN","UNKNOWN","95%","2023"
"10.1145/3544548.3581087",3,"Effect of Musical Background on Accuracy for Bar Charts (Non-experts vs. Experts)","12","UNKNOWN","",1,"Cohen's d","0.86","UNKNOWN","UNKNOWN","95%","2023"
"10.1145/3544548.3581087",4,"Effect of Musical Background on Accuracy for Line Charts (Non-experts vs. Experts)","12","UNKNOWN","",1,"Cohen's d","0.78","UNKNOWN","UNKNOWN","95%","2023"
"10.1145/3544548.3581087",5,"Perceived Workload Comparison (Susurrus vs. Highcharts)","12","UNKNOWN","",1,"Cohen's d","0.1","UNKNOWN","UNKNOWN","95%","2023"
"10.1145/3544548.3581087",6,"Usability Comparison (Susurrus vs. Highcharts)","12","UNKNOWN","",1,"Cohen's d","0.08","UNKNOWN","UNKNOWN","95%","2023"
"10.1145/3544548.3581200",1,"Regression Analysis","211","UNKNOWN","",1,"R2",".15","UNKNOWN","UNKNOWN","UNKNOWN","2019"
"10.1145/3544548.3581200",1,"Regression Analysis","211","UNKNOWN","Year of membership",1,"β","-.03","UNKNOWN","UNKNOWN","UNKNOWN","2019"
"10.1145/3544548.3581200",1,"Regression Analysis","211","UNKNOWN","Gender (1= Female)",1,"β",".09","UNKNOWN","UNKNOWN","UNKNOWN","2019"
"10.1145/3544548.3581200",1,"Regression Analysis","211",".05","Age",1,"β",".14","UNKNOWN","UNKNOWN","UNKNOWN","2019"
"10.1145/3544548.3581200",1,"Regression Analysis","211",".001","Power Use",1,"β",".33","UNKNOWN","UNKNOWN","UNKNOWN","2019"
"10.1145/3544548.3581200",2,"Regression Analysis","211","UNKNOWN","",1,"R2",".10","UNKNOWN","UNKNOWN","UNKNOWN","2019"
"10.1145/3544548.3581200",2,"Regression Analysis","211","UNKNOWN","Year of membership",1,"β","-.03","UNKNOWN","UNKNOWN","UNKNOWN","2019"
"10.1145/3544548.3581200",2,"Regression Analysis","211","UNKNOWN","Gender (1= Female)",1,"β",".03","UNKNOWN","UNKNOWN","UNKNOWN","2019"
"10.1145/3544548.3581200",2,"Regression Analysis","211","UNKNOWN","Age",1,"β",".05","UNKNOWN","UNKNOWN","UNKNOWN","2019"
"10.1145/3544548.3581200",2,"Regression Analysis","211",".001","Power Use",1,"β",".30","UNKNOWN","UNKNOWN","UNKNOWN","2019"
"10.1145/3544548.3581200",3,"Regression Analysis","211","UNKNOWN","",1,"R2",".16","UNKNOWN","UNKNOWN","UNKNOWN","2019"
"10.1145/3544548.3581200",3,"Regression Analysis","211","UNKNOWN","Year of membership",1,"β",".04","UNKNOWN","UNKNOWN","UNKNOWN","2019"
"10.1145/3544548.3581200",3,"Regression Analysis","211","UNKNOWN","Gender (1= Female)",1,"β",".03","UNKNOWN","UNKNOWN","UNKNOWN","2019"
"10.1145/3544548.3581200",3,"Regression Analysis","211","UNKNOWN","Age",1,"β","-.09","UNKNOWN","UNKNOWN","UNKNOWN","2019"
"10.1145/3544548.3581200",3,"Regression Analysis","211",".001","Power Use",1,"β",".38","UNKNOWN","UNKNOWN","UNKNOWN","2019"
"10.1145/3544548.3581200",4,"Regression Analysis","211","UNKNOWN","",1,"Incremental R2",".12","UNKNOWN","UNKNOWN","UNKNOWN","2019"
"10.1145/3544548.3581200",4,"Regression Analysis","211","UNKNOWN","",2,"Total R2",".27","UNKNOWN","UNKNOWN","UNKNOWN","2019"
"10.1145/3544548.3581200",4,"Regression Analysis","211",".001","Interactivity",1,"β","-.40","UNKNOWN","UNKNOWN","UNKNOWN","2019"
"10.1145/3544548.3581200",4,"Regression Analysis","211","UNKNOWN","Customization",1,"β","-.03","UNKNOWN","UNKNOWN","UNKNOWN","2019"
"10.1145/3544548.3581200",4,"Regression Analysis","211",".05","Navigability",1,"β",".23","UNKNOWN","UNKNOWN","UNKNOWN","2019"
"10.1145/3544548.3581200",5,"Regression Analysis","211","UNKNOWN","",1,"Incremental R2",".13","UNKNOWN","UNKNOWN","UNKNOWN","2019"
"10.1145/3544548.3581200",5,"Regression Analysis","211","UNKNOWN","",2,"Total R2",".22","UNKNOWN","UNKNOWN","UNKNOWN","2019"
"10.1145/3544548.3581200",5,"Regression Analysis","211",".001","Interactivity",1,"β","-.40","UNKNOWN","UNKNOWN","UNKNOWN","2019"
"10.1145/3544548.3581200",5,"Regression Analysis","211","UNKNOWN","Customization",1,"β","-.14","UNKNOWN","UNKNOWN","UNKNOWN","2019"
"10.1145/3544548.3581200",5,"Regression Analysis","211",".001","Navigability",1,"β",".33","UNKNOWN","UNKNOWN","UNKNOWN","2019"
"10.1145/3544548.3581200",6,"Regression Analysis","211","UNKNOWN","",1,"Incremental R2",".16","UNKNOWN","UNKNOWN","UNKNOWN","2019"
"10.1145/3544548.3581200",6,"Regression Analysis","211","UNKNOWN","",2,"Total R2",".32","UNKNOWN","UNKNOWN","UNKNOWN","2019"
"10.1145/3544548.3581200",6,"Regression Analysis","211",".001","Interactivity",1,"β",".32","UNKNOWN","UNKNOWN","UNKNOWN","2019"
"10.1145/3544548.3581200",6,"Regression Analysis","211","UNKNOWN","Customization",1,"β",".16","UNKNOWN","UNKNOWN","UNKNOWN","2019"
"10.1145/3544548.3581200",6,"Regression Analysis","211","UNKNOWN","Navigability",1,"β","-.04","UNKNOWN","UNKNOWN","UNKNOWN","2019"
"10.1145/3544548.3581200",7,"Regression Analysis","211","UNKNOWN","",1,"R2",".21","UNKNOWN","UNKNOWN","UNKNOWN","2019"
"10.1145/3544548.3581200",7,"Regression Analysis","211","UNKNOWN","Year of membership",1,"β",".02","UNKNOWN","UNKNOWN","UNKNOWN","2019"
"10.1145/3544548.3581200",7,"Regression Analysis","211","UNKNOWN","Gender (1= Female)",1,"β",".08","UNKNOWN","UNKNOWN","UNKNOWN","2019"
"10.1145/3544548.3581200",7,"Regression Analysis","211","UNKNOWN","Age",1,"β",".08","UNKNOWN","UNKNOWN","UNKNOWN","2019"
"10.1145/3544548.3581200",7,"Regression Analysis","211",".001","Power Use",1,"β",".43","UNKNOWN","UNKNOWN","UNKNOWN","2019"
"10.1145/3544548.3581200",8,"Regression Analysis","211","UNKNOWN","",1,"R2",".23","UNKNOWN","UNKNOWN","UNKNOWN","2019"
"10.1145/3544548.3581200",8,"Regression Analysis","211","UNKNOWN","Year of membership",1,"β",".06","UNKNOWN","UNKNOWN","UNKNOWN","2019"
"10.1145/3544548.3581200",8,"Regression Analysis","211","UNKNOWN","Gender (1= Female)",1,"β",".09","UNKNOWN","UNKNOWN","UNKNOWN","2019"
"10.1145/3544548.3581200",8,"Regression Analysis","211","UNKNOWN","Age",1,"β",".10","UNKNOWN","UNKNOWN","UNKNOWN","2019"
"10.1145/3544548.3581200",8,"Regression Analysis","211",".001","Power Use",1,"β",".44","UNKNOWN","UNKNOWN","UNKNOWN","2019"
"10.1145/3544548.3581200",9,"Regression Analysis","211","UNKNOWN","",1,"R2",".04","UNKNOWN","UNKNOWN","UNKNOWN","2019"
"10.1145/3544548.3581200",9,"Regression Analysis","211","UNKNOWN","Year of membership",1,"β",".04","UNKNOWN","UNKNOWN","UNKNOWN","2019"
"10.1145/3544548.3581200",9,"Regression Analysis","211","UNKNOWN","Gender (1= Female)",1,"β","-.07","UNKNOWN","UNKNOWN","UNKNOWN","2019"
"10.1145/3544548.3581200",9,"Regression Analysis","211",".05","Age",1,"β","-.15","UNKNOWN","UNKNOWN","UNKNOWN","2019"
"10.1145/3544548.3581200",9,"Regression Analysis","211",".05","Power Use",1,"β",".15","UNKNOWN","UNKNOWN","UNKNOWN","2019"
"10.1145/3544548.3581200",10,"Regression Analysis","211","UNKNOWN","",1,"R2",".05","UNKNOWN","UNKNOWN","UNKNOWN","2019"
"10.1145/3544548.3581200",10,"Regression Analysis","211","UNKNOWN","Year of membership",1,"β",".06","UNKNOWN","UNKNOWN","UNKNOWN","2019"
"10.1145/3544548.3581200",10,"Regression Analysis","211","UNKNOWN","Gender (1= Female)",1,"β","-.11","UNKNOWN","UNKNOWN","UNKNOWN","2019"
"10.1145/3544548.3581200",10,"Regression Analysis","211",".01","Age",1,"β","-.19","UNKNOWN","UNKNOWN","UNKNOWN","2019"
"10.1145/3544548.3581200",10,"Regression Analysis","211","UNKNOWN","Power Use",1,"β","-.06","UNKNOWN","UNKNOWN","UNKNOWN","2019"
"10.1145/3544548.3581200",11,"Regression Analysis","211","UNKNOWN","",1,"Incremental R2",".12","UNKNOWN","UNKNOWN","UNKNOWN","2019"
"10.1145/3544548.3581200",11,"Regression Analysis","211","UNKNOWN","",2,"Total R2",".33","UNKNOWN","UNKNOWN","UNKNOWN","2019"
"10.1145/3544548.3581200",11,"Regression Analysis","211",".05","Interactivity",1,"β",".19","UNKNOWN","UNKNOWN","UNKNOWN","2019"
"10.1145/3544548.3581200",11,"Regression Analysis","211","UNKNOWN","Customization",1,"β","-.06","UNKNOWN","UNKNOWN","UNKNOWN","2019"
"10.1145/3544548.3581200",11,"Regression Analysis","211",".01","Navigability",1,"β",".29","UNKNOWN","UNKNOWN","UNKNOWN","2019"
"10.1145/3544548.3581200",12,"Regression Analysis","211","UNKNOWN","",1,"Incremental R2",".08","UNKNOWN","UNKNOWN","UNKNOWN","2019"
"10.1145/3544548.3581200",12,"Regression Analysis","211","UNKNOWN","",2,"Total R2",".30","UNKNOWN","UNKNOWN","UNKNOWN","2019"
"10.1145/3544548.3581200",12,"Regression Analysis","211","UNKNOWN","Interactivity",1,"β",".08","UNKNOWN","UNKNOWN","UNKNOWN","2019"
"10.1145/3544548.3581200",12,"Regression Analysis","211","UNKNOWN","Customization",1,"β",".02","UNKNOWN","UNKNOWN","UNKNOWN","2019"
"10.1145/3544548.3581200",12,"Regression Analysis","211",".01","Navigability",1,"β",".24","UNKNOWN","UNKNOWN","UNKNOWN","2019"
"10.1145/3544548.3581200",13,"Regression Analysis","211","UNKNOWN","",1,"Incremental R2",".41","UNKNOWN","UNKNOWN","UNKNOWN","2019"
"10.1145/3544548.3581200",13,"Regression Analysis","211","UNKNOWN","",2,"Total R2",".46","UNKNOWN","UNKNOWN","UNKNOWN","2019"
"10.1145/3544548.3581200",13,"Regression Analysis","211",".001","Interactivity",1,"β",".61","UNKNOWN","UNKNOWN","UNKNOWN","2019"
"10.1145/3544548.3581200",13,"Regression Analysis","211",".05","Customization",1,"β",".20","UNKNOWN","UNKNOWN","UNKNOWN","2019"
"10.1145/3544548.3581200",13,"Regression Analysis","211",".05","Navigability",1,"β","-.17","UNKNOWN","UNKNOWN","UNKNOWN","2019"
"10.1145/3544548.3581200",14,"Regression Analysis","211","UNKNOWN","",1,"Incremental R2",".35","UNKNOWN","UNKNOWN","UNKNOWN","2019"
"10.1145/3544548.3581200",14,"Regression Analysis","211","UNKNOWN","",2,"Total R2",".40","UNKNOWN","UNKNOWN","UNKNOWN","2019"
"10.1145/3544548.3581200",14,"Regression Analysis","211",".001","Interactivity",1,"β",".63","UNKNOWN","UNKNOWN","UNKNOWN","2019"
"10.1145/3544548.3581200",14,"Regression Analysis","211","UNKNOWN","Customization",1,"β",".05","UNKNOWN","UNKNOWN","UNKNOWN","2019"
"10.1145/3544548.3581200",14,"Regression Analysis","211","UNKNOWN","Navigability",1,"β","-.12","UNKNOWN","UNKNOWN","UNKNOWN","2019"
"10.1145/3544548.3581200",15,"Regression Analysis","211","UNKNOWN","",1,"R2",".23","UNKNOWN","UNKNOWN","UNKNOWN","2019"
"10.1145/3544548.3581200",15,"Regression Analysis","211","UNKNOWN","Year of membership",1,"β",".03","UNKNOWN","UNKNOWN","UNKNOWN","2019"
"10.1145/3544548.3581200",15,"Regression Analysis","211","UNKNOWN","Gender (1= Female)",1,"β","-.04","UNKNOWN","UNKNOWN","UNKNOWN","2019"
"10.1145/3544548.3581200",15,"Regression Analysis","211",".05","Age",1,"β",".14","UNKNOWN","UNKNOWN","UNKNOWN","2019"
"10.1145/3544548.3581200",15,"Regression Analysis","211",".001","Power Use",1,"β",".46","UNKNOWN","UNKNOWN","UNKNOWN","2019"
"10.1145/3544548.3581200",16,"Regression Analysis","211","UNKNOWN","",1,"R2",".13","UNKNOWN","UNKNOWN","UNKNOWN","2019"
"10.1145/3544548.3581200",16,"Regression Analysis","211","UNKNOWN","Year of membership",1,"β",".10","UNKNOWN","UNKNOWN","UNKNOWN","2019"
"10.1145/3544548.3581200",16,"Regression Analysis","211",".05","Gender (1= Female)",1,"β","-.15","UNKNOWN","UNKNOWN","UNKNOWN","2019"
"10.1145/3544548.3581200",16,"Regression Analysis","211","UNKNOWN","Age",1,"β","-.02","UNKNOWN","UNKNOWN","UNKNOWN","2019"
"10.1145/3544548.3581200",16,"Regression Analysis","211",".001","Power Use",1,"β",".35","UNKNOWN","UNKNOWN","UNKNOWN","2019"
"10.1145/3544548.3581200",17,"Regression Analysis","211","UNKNOWN","",1,"Incremental R2",".10","UNKNOWN","UNKNOWN","UNKNOWN","2019"
"10.1145/3544548.3581200",17,"Regression Analysis","211","UNKNOWN","",2,"Total R2",".33","UNKNOWN","UNKNOWN","UNKNOWN","2019"
"10.1145/3544548.3581200",17,"Regression Analysis","211",".01","Interactivity",1,"β",".20","UNKNOWN","UNKNOWN","UNKNOWN","2019"
"10.1145/3544548.3581200",17,"Regression Analysis","211","UNKNOWN","Customization",1,"β",".12","UNKNOWN","UNKNOWN","UNKNOWN","2019"
"10.1145/3544548.3581200",17,"Regression Analysis","211","UNKNOWN","Navigability",1,"β",".07","UNKNOWN","UNKNOWN","UNKNOWN","2019"
"10.1145/3544548.3581200",18,"Regression Analysis","211","UNKNOWN","",1,"Incremental R2",".20","UNKNOWN","UNKNOWN","UNKNOWN","2019"
"10.1145/3544548.3581200",18,"Regression Analysis","211","UNKNOWN","",2,"Total R2",".33","UNKNOWN","UNKNOWN","UNKNOWN","2019"
"10.1145/3544548.3581200",18,"Regression Analysis","211",".001","Interactivity",1,"β",".45","UNKNOWN","UNKNOWN","UNKNOWN","2019"
"10.1145/3544548.3581200",18,"Regression Analysis","211","UNKNOWN","Customization",1,"β",".03","UNKNOWN","UNKNOWN","UNKNOWN","2019"
"10.1145/3544548.3581200",18,"Regression Analysis","211","UNKNOWN","Navigability",1,"β","-.03","UNKNOWN","UNKNOWN","UNKNOWN","2019"
"10.1145/3544548.3581200",19,"Mediation Analysis","211","UNKNOWN","",1,"Indirect Effect",".01",".05","-.03","95% CI","2019"
"10.1145/3544548.3581200",19,"Mediation Analysis","211","UNKNOWN","Autonomy",1,"Indirect Effect",".01",".05","-.03","95% CI","2019"
"10.1145/3544548.3581200",19,"Mediation Analysis","211","UNKNOWN","Competence",1,"Indirect Effect",".03",".10","-.02","95% CI","2019"
"10.1145/3544548.3581200",19,"Mediation Analysis","211","UNKNOWN","Relatedness",1,"Indirect Effect","-.01",".07","-.09","95% CI","2019"
"10.1145/3544548.3581200",20,"Mediation Analysis","211","UNKNOWN","",1,"Indirect Effect",".05",".12",".01","95% CI","2019"
"10.1145/3544548.3581200",20,"Mediation Analysis","211","UNKNOWN","Autonomy",1,"Indirect Effect",".05",".12",".01","95% CI","2019"
"10.1145/3544548.3581200",20,"Mediation Analysis","211","UNKNOWN","Competence",1,"Indirect Effect",".03",".10","-.01","95% CI","2019"
"10.1145/3544548.3581200",20,"Mediation Analysis","211","UNKNOWN","Relatedness",1,"Indirect Effect","-.01",".04","-.06","95% CI","2019"
"10.1145/3544548.3581200",21,"Mediation Analysis","211","UNKNOWN","",1,"Indirect Effect","-.04",".003","-.11","95% CI","2019"
"10.1145/3544548.3581200",21,"Mediation Analysis","211","UNKNOWN","Autonomy",1,"Indirect Effect","-.04",".003","-.11","95% CI","2019"
"10.1145/3544548.3581200",21,"Mediation Analysis","211","UNKNOWN","Competence",1,"Indirect Effect","-.04",".01","-.11","95% CI","2019"
"10.1145/3544548.3581200",21,"Mediation Analysis","211","UNKNOWN","Relatedness",1,"Indirect Effect","-.01",".03","-.04","95% CI","2019"
"10.1145/3544548.3581200",22,"Mediation Analysis","211","UNKNOWN","",1,"Indirect Effect","-.10","-.02","-.21","95% CI","2019"
"10.1145/3544548.3581200",22,"Mediation Analysis","211","UNKNOWN","Autonomy",1,"Indirect Effect","-.10","-.02","-.21","95% CI","2019"
"10.1145/3544548.3581200",22,"Mediation Analysis","211","UNKNOWN","Competence",1,"Indirect Effect","-.03",".03","-.09","95% CI","2019"
"10.1145/3544548.3581200",22,"Mediation Analysis","211","UNKNOWN","Relatedness",1,"Indirect Effect","-.001",".01","-.02","95% CI","2019"
"10.1145/3544548.3581200",23,"Mediation Analysis","211","UNKNOWN","",1,"Indirect Effect","-.02",".04","-.08","95% CI","2019"
"10.1145/3544548.3581200",23,"Mediation Analysis","211","UNKNOWN","Autonomy",1,"Indirect Effect","-.02",".04","-.08","95% CI","2019"
"10.1145/3544548.3581200",23,"Mediation Analysis","211","UNKNOWN","Competence",1,"Indirect Effect","-.04",".02","-.10","95% CI","2019"
"10.1145/3544548.3581200",23,"Mediation Analysis","211","UNKNOWN","Relatedness",1,"Indirect Effect",".13",".23",".04","95% CI","2019"
"10.1145/3544548.3581200",24,"Mediation Analysis","211","UNKNOWN","",1,"Indirect Effect","-.09","-.03","-.17","95% CI","2019"
"10.1145/3544548.3581200",24,"Mediation Analysis","211","UNKNOWN","Autonomy",1,"Indirect Effect","-.09","-.03","-.17","95% CI","2019"
"10.1145/3544548.3581200",24,"Mediation Analysis","211","UNKNOWN","Competence",1,"Indirect Effect","-.04",".02","-.11","95% CI","2019"
"10.1145/3544548.3581200",24,"Mediation Analysis","211","UNKNOWN","Relatedness",1,"Indirect Effect",".08",".16",".02","95% CI","2019"
"10.1145/3544548.3581200",25,"Mediation Analysis","211","UNKNOWN","",1,"Indirect Effect",".07",".15","-.004","95% CI","2019"
"10.1145/3544548.3581200",25,"Mediation Analysis","211","UNKNOWN","Autonomy",1,"Indirect Effect",".07",".15","-.004","95% CI","2019"
"10.1145/3544548.3581200",25,"Mediation Analysis","211","UNKNOWN","Competence",1,"Indirect Effect",".04",".12","-.02","95% CI","2019"
"10.1145/3544548.3581200",25,"Mediation Analysis","211","UNKNOWN","Relatedness",1,"Indirect Effect",".06",".12",".01","95% CI","2019"
"10.1145/3544548.3581200",26,"Mediation Analysis","211","UNKNOWN","",1,"Indirect Effect",".17",".27",".08","95% CI","2019"
"10.1145/3544548.3581200",26,"Mediation Analysis","211","UNKNOWN","Autonomy",1,"Indirect Effect",".17",".27",".08","95% CI","2019"
"10.1145/3544548.3581200",26,"Mediation Analysis","211","UNKNOWN","Competence",1,"Indirect Effect",".04",".11","-.03","95% CI","2019"
"10.1145/3544548.3581200",26,"Mediation Analysis","211","UNKNOWN","Relatedness",1,"Indirect Effect",".01",".05","-.02","95% CI","2019"
"10.1145/3544548.3581200",27,"Mediation Analysis","211","UNKNOWN","",1,"Indirect Effect","-.001",".02","-.02","95% CI","2019"
"10.1145/3544548.3581200",27,"Mediation Analysis","211","UNKNOWN","Autonomy",1,"Indirect Effect","-.001",".02","-.02","95% CI","2019"
"10.1145/3544548.3581200",27,"Mediation Analysis","211","UNKNOWN","Competence",1,"Indirect Effect","-.01",".01","-.05","95% CI","2019"
"10.1145/3544548.3581200",27,"Mediation Analysis","211","UNKNOWN","Relatedness",1,"Indirect Effect",".06",".15","-.02","95% CI","2019"
"10.1145/3544548.3581200",28,"Mediation Analysis","211","UNKNOWN","",1,"Indirect Effect","-.01",".04","-.05","95% CI","2019"
"10.1145/3544548.3581200",28,"Mediation Analysis","211","UNKNOWN","Autonomy",1,"Indirect Effect","-.01",".04","-.05","95% CI","2019"
"10.1145/3544548.3581200",28,"Mediation Analysis","211","UNKNOWN","Competence",1,"Indirect Effect","-.01",".01","-.06","95% CI","2019"
"10.1145/3544548.3581200",28,"Mediation Analysis","211","UNKNOWN","Relatedness",1,"Indirect Effect",".04",".10","-.01","95% CI","2019"
"10.1145/3544548.3581200",29,"Mediation Analysis","211","UNKNOWN","",1,"Indirect Effect",".01",".06","-.02","95% CI","2019"
"10.1145/3544548.3581200",29,"Mediation Analysis","211","UNKNOWN","Autonomy",1,"Indirect Effect",".01",".06","-.02","95% CI","2019"
"10.1145/3544548.3581200",29,"Mediation Analysis","211","UNKNOWN","Competence",1,"Indirect Effect",".02",".06","-.01","95% CI","2019"
"10.1145/3544548.3581200",29,"Mediation Analysis","211","UNKNOWN","Relatedness",1,"Indirect Effect",".03",".07","-.01","95% CI","2019"
"10.1145/3544548.3581200",30,"Mediation Analysis","211","UNKNOWN","",1,"Indirect Effect",".01",".11","-.06","95% CI","2019"
"10.1145/3544548.3581200",30,"Mediation Analysis","211","UNKNOWN","Autonomy",1,"Indirect Effect",".01",".11","-.06","95% CI","2019"
"10.1145/3544548.3581200",30,"Mediation Analysis","211","UNKNOWN","Competence",1,"Indirect Effect",".01",".05","-.02","95% CI","2019"
"10.1145/3544548.3581200",30,"Mediation Analysis","211","UNKNOWN","Relatedness",1,"Indirect Effect",".01",".03","-.01","95% CI","2019"
"10.1145/3544548.3581200",31,"Mediation Analysis","211","UNKNOWN","",1,"Indirect Effect","-.03",".02","-.09","95% CI","2019"
"10.1145/3544548.3581200",31,"Mediation Analysis","211","UNKNOWN","Autonomy",1,"Indirect Effect","-.03",".02","-.09","95% CI","2019"
"10.1145/3544548.3581200",31,"Mediation Analysis","211","UNKNOWN","Competence",1,"Indirect Effect",".01",".06","-.05","95% CI","2019"
"10.1145/3544548.3581200",31,"Mediation Analysis","211","UNKNOWN","Relatedness",1,"Indirect Effect","-.01",".04","-.07","95% CI","2019"
"10.1145/3544548.3581200",32,"Mediation Analysis","211","UNKNOWN","",1,"Indirect Effect","-.002",".04","-.06","95% CI","2019"
"10.1145/3544548.3581200",32,"Mediation Analysis","211","UNKNOWN","Autonomy",1,"Indirect Effect","-.002",".04","-.06","95% CI","2019"
"10.1145/3544548.3581200",32,"Mediation Analysis","211","UNKNOWN","Competence",1,"Indirect Effect",".02",".09","-.03","95% CI","2019"
"10.1145/3544548.3581200",32,"Mediation Analysis","211","UNKNOWN","Relatedness",1,"Indirect Effect","-.01",".03","-.05","95% CI","2019"
"10.1145/3544548.3581200",33,"Mediation Analysis","211","UNKNOWN","",1,"Indirect Effect","-.01",".07","-.11","95% CI","2019"
"10.1145/3544548.3581200",33,"Mediation Analysis","211","UNKNOWN","Autonomy",1,"Indirect Effect","-.01",".07","-.11","95% CI","2019"
"10.1145/3544548.3581200",33,"Mediation Analysis","211","UNKNOWN","Competence",1,"Indirect Effect","-.03",".04","-.11","95% CI","2019"
"10.1145/3544548.3581200",33,"Mediation Analysis","211","UNKNOWN","Relatedness",1,"Indirect Effect",".10",".18",".04","95% CI","2019"
"10.1145/3544548.3581200",34,"Mediation Analysis","211","UNKNOWN","",1,"Indirect Effect","-.003",".08","-.08","95% CI","2019"
"10.1145/3544548.3581200",34,"Mediation Analysis","211","UNKNOWN","Autonomy",1,"Indirect Effect","-.003",".08","-.08","95% CI","2019"
"10.1145/3544548.3581200",34,"Mediation Analysis","211","UNKNOWN","Competence",1,"Indirect Effect","-.03",".04","-.10","95% CI","2019"
"10.1145/3544548.3581200",34,"Mediation Analysis","211","UNKNOWN","Relatedness",1,"Indirect Effect",".06",".14","-.004","95% CI","2019"
"10.1145/3544548.3581200",35,"Mediation Analysis","211","UNKNOWN","",1,"Indirect Effect","-.001",".02","-.03","95% CI","2019"
"10.1145/3544548.3581200",35,"Mediation Analysis","211","UNKNOWN","Autonomy",1,"Indirect Effect","-.001",".02","-.03","95% CI","2019"
"10.1145/3544548.3581200",35,"Mediation Analysis","211","UNKNOWN","Competence",1,"Indirect Effect","-.01",".02","-.05","95% CI","2019"
"10.1145/3544548.3581200",35,"Mediation Analysis","211","UNKNOWN","Relatedness",1,"Indirect Effect",".05",".13","-.02","95% CI","2019"
"10.1145/3544548.3581200",36,"Mediation Analysis","211","UNKNOWN","",1,"Indirect Effect","-.0002",".03","-.02","95% CI","2019"
"10.1145/3544548.3581200",36,"Mediation Analysis","211","UNKNOWN","Autonomy",1,"Indirect Effect","-.0002",".03","-.02","95% CI","2019"
"10.1145/3544548.3581200",36,"Mediation Analysis","211","UNKNOWN","Competence",1,"Indirect Effect","-.01",".02","-.06","95% CI","2019"
"10.1145/3544548.3581200",36,"Mediation Analysis","211","UNKNOWN","Relatedness",1,"Indirect Effect",".03",".08","-.01","95% CI","2019"
"10.1145/3544548.3581396",1,"Pre-test and Post-test Comparison","24","<0.005","",1,"Cohen's Kappa","0.71","UNKNOWN","UNKNOWN","UNKNOWN","2023"
