"doi","topics","test_id","test_name","N","test_p_value","factor","effectsize_id","effectsize_measure","effectsize_value","CI_upper","CI_lower","CI_type","year","testnames_unified","is_rm","of_interest","effectsize_measure_unified","specifiers","to_manipulate","N_found","test_p_value_found","effectsize_measure_found","effectsize_value_found","CI_upper_found","CI_lower_found","CI_type_found","is_valid","converted_r_es"
"10.1145/3290605.3300704","information systems;applied computing;empirical studies in hci;human-centered computing",1,"logistic regression","UNKNOWN","0.0068","Inclusive Ad (image & text) vs Default",1,"Odds Ratio",1.26,"UNKNOWN","UNKNOWN","UNKNOWN",2019,"logistic regression","not_RM","yes","odds_ratio","",FALSE,TRUE,TRUE,TRUE,FALSE,TRUE,TRUE,TRUE,TRUE,0.0842620353308744
"10.1145/3290605.3300704","information systems;applied computing;empirical studies in hci;human-centered computing",2,"logistic regression","UNKNOWN","0.1157","Inclusive Text vs Default",1,"Odds Ratio",1.15,"UNKNOWN","UNKNOWN","UNKNOWN",2019,"logistic regression","not_RM","yes","odds_ratio","",FALSE,TRUE,TRUE,TRUE,FALSE,TRUE,TRUE,TRUE,TRUE,0.0509923595268425
"10.1145/3544548.3581200","empirical studies in hci;human-centered computing",1,"regression analysis","211","UNKNOWN","",1,"R2",0.15,"UNKNOWN","UNKNOWN","UNKNOWN",2019,"regression (unspecified)","not_applicable","yes","r_squared","",FALSE,FALSE,FALSE,FALSE,FALSE,FALSE,FALSE,FALSE,TRUE,0.387298334620742
"10.1145/3544548.3581200","empirical studies in hci;human-centered computing",2,"regression analysis","211","UNKNOWN","",1,"R2",0.1,"UNKNOWN","UNKNOWN","UNKNOWN",2019,"regression (unspecified)","not_applicable","yes","r_squared","",FALSE,FALSE,FALSE,FALSE,FALSE,FALSE,FALSE,FALSE,TRUE,0.316227766016838
"10.1145/3544548.3581200","empirical studies in hci;human-centered computing",3,"regression analysis","211","UNKNOWN","",1,"R2",0.16,"UNKNOWN","UNKNOWN","UNKNOWN",2019,"regression (unspecified)","not_applicable","yes","r_squared","",FALSE,FALSE,FALSE,FALSE,FALSE,FALSE,FALSE,FALSE,TRUE,0.4
"10.1145/3544548.3581200","empirical studies in hci;human-centered computing",4,"regression analysis","211","UNKNOWN","",1,"Incremental R2",0.12,"UNKNOWN","UNKNOWN","UNKNOWN",2019,"regression (unspecified)","not_applicable","yes","r_squared","",FALSE,FALSE,FALSE,FALSE,FALSE,FALSE,FALSE,FALSE,TRUE,0.346410161513775
"10.1145/3544548.3581200","empirical studies in hci;human-centered computing",4,"regression analysis","211","UNKNOWN","",2,"Total R2",0.27,"UNKNOWN","UNKNOWN","UNKNOWN",2019,"regression (unspecified)","not_applicable","yes","r_squared","",FALSE,FALSE,FALSE,FALSE,FALSE,FALSE,FALSE,FALSE,TRUE,0.519615242270663
"10.1145/3544548.3581200","empirical studies in hci;human-centered computing",5,"regression analysis","211","UNKNOWN","",1,"Incremental R2",0.13,"UNKNOWN","UNKNOWN","UNKNOWN",2019,"regression (unspecified)","not_applicable","yes","r_squared","",FALSE,FALSE,FALSE,FALSE,FALSE,FALSE,FALSE,FALSE,TRUE,0.360555127546399
"10.1145/3544548.3581200","empirical studies in hci;human-centered computing",5,"regression analysis","211","UNKNOWN","",2,"Total R2",0.22,"UNKNOWN","UNKNOWN","UNKNOWN",2019,"regression (unspecified)","not_applicable","yes","r_squared","",FALSE,FALSE,FALSE,FALSE,FALSE,FALSE,FALSE,FALSE,TRUE,0.469041575982343
"10.1145/3544548.3581200","empirical studies in hci;human-centered computing",6,"regression analysis","211","UNKNOWN","",1,"Incremental R2",0.16,"UNKNOWN","UNKNOWN","UNKNOWN",2019,"regression (unspecified)","not_applicable","yes","r_squared","",FALSE,FALSE,FALSE,FALSE,FALSE,FALSE,FALSE,FALSE,TRUE,0.4
"10.1145/3544548.3581200","empirical studies in hci;human-centered computing",6,"regression analysis","211","UNKNOWN","",2,"Total R2",0.32,"UNKNOWN","UNKNOWN","UNKNOWN",2019,"regression (unspecified)","not_applicable","yes","r_squared","",FALSE,FALSE,FALSE,FALSE,FALSE,FALSE,FALSE,FALSE,TRUE,0.565685424949238
"10.1145/3544548.3581200","empirical studies in hci;human-centered computing",7,"regression analysis","211","UNKNOWN","",1,"R2",0.21,"UNKNOWN","UNKNOWN","UNKNOWN",2019,"regression (unspecified)","not_applicable","yes","r_squared","",FALSE,FALSE,FALSE,FALSE,FALSE,FALSE,FALSE,FALSE,TRUE,0.458257569495584
"10.1145/3544548.3581200","empirical studies in hci;human-centered computing",8,"regression analysis","211","UNKNOWN","",1,"R2",0.23,"UNKNOWN","UNKNOWN","UNKNOWN",2019,"regression (unspecified)","not_applicable","yes","r_squared","",FALSE,FALSE,FALSE,FALSE,FALSE,FALSE,FALSE,FALSE,TRUE,0.479583152331272
"10.1145/3544548.3581200","empirical studies in hci;human-centered computing",9,"regression analysis","211","UNKNOWN","",1,"R2",0.04,"UNKNOWN","UNKNOWN","UNKNOWN",2019,"regression (unspecified)","not_applicable","yes","r_squared","",FALSE,FALSE,FALSE,FALSE,FALSE,FALSE,FALSE,FALSE,TRUE,0.2
"10.1145/3544548.3581200","empirical studies in hci;human-centered computing",10,"regression analysis","211","UNKNOWN","",1,"R2",0.05,"UNKNOWN","UNKNOWN","UNKNOWN",2019,"regression (unspecified)","not_applicable","yes","r_squared","",FALSE,FALSE,FALSE,FALSE,FALSE,FALSE,FALSE,FALSE,TRUE,0.223606797749979
"10.1145/3544548.3581200","empirical studies in hci;human-centered computing",11,"regression analysis","211","UNKNOWN","",1,"Incremental R2",0.12,"UNKNOWN","UNKNOWN","UNKNOWN",2019,"regression (unspecified)","not_applicable","yes","r_squared","",FALSE,FALSE,FALSE,FALSE,FALSE,FALSE,FALSE,FALSE,TRUE,0.346410161513775
"10.1145/3544548.3581200","empirical studies in hci;human-centered computing",11,"regression analysis","211","UNKNOWN","",2,"Total R2",0.33,"UNKNOWN","UNKNOWN","UNKNOWN",2019,"regression (unspecified)","not_applicable","yes","r_squared","",FALSE,FALSE,FALSE,FALSE,FALSE,FALSE,FALSE,FALSE,TRUE,0.574456264653803
"10.1145/3544548.3581200","empirical studies in hci;human-centered computing",12,"regression analysis","211","UNKNOWN","",1,"Incremental R2",0.08,"UNKNOWN","UNKNOWN","UNKNOWN",2019,"regression (unspecified)","not_applicable","yes","r_squared","",FALSE,FALSE,FALSE,FALSE,FALSE,FALSE,FALSE,FALSE,TRUE,0.282842712474619
"10.1145/3544548.3581200","empirical studies in hci;human-centered computing",12,"regression analysis","211","UNKNOWN","",2,"Total R2",0.3,"UNKNOWN","UNKNOWN","UNKNOWN",2019,"regression (unspecified)","not_applicable","yes","r_squared","",FALSE,FALSE,FALSE,FALSE,FALSE,FALSE,FALSE,FALSE,TRUE,0.547722557505166
"10.1145/3544548.3581200","empirical studies in hci;human-centered computing",13,"regression analysis","211","UNKNOWN","",1,"Incremental R2",0.41,"UNKNOWN","UNKNOWN","UNKNOWN",2019,"regression (unspecified)","not_applicable","yes","r_squared","",FALSE,FALSE,FALSE,FALSE,FALSE,FALSE,FALSE,FALSE,TRUE,0.640312423743285
"10.1145/3544548.3581200","empirical studies in hci;human-centered computing",13,"regression analysis","211","UNKNOWN","",2,"Total R2",0.46,"UNKNOWN","UNKNOWN","UNKNOWN",2019,"regression (unspecified)","not_applicable","yes","r_squared","",FALSE,FALSE,FALSE,FALSE,FALSE,FALSE,FALSE,FALSE,TRUE,0.678232998312527
"10.1145/3544548.3581200","empirical studies in hci;human-centered computing",14,"regression analysis","211","UNKNOWN","",1,"Incremental R2",0.35,"UNKNOWN","UNKNOWN","UNKNOWN",2019,"regression (unspecified)","not_applicable","yes","r_squared","",FALSE,FALSE,FALSE,FALSE,FALSE,FALSE,FALSE,FALSE,TRUE,0.591607978309962
"10.1145/3544548.3581200","empirical studies in hci;human-centered computing",14,"regression analysis","211","UNKNOWN","",2,"Total R2",0.4,"UNKNOWN","UNKNOWN","UNKNOWN",2019,"regression (unspecified)","not_applicable","yes","r_squared","",FALSE,FALSE,FALSE,FALSE,FALSE,FALSE,FALSE,FALSE,TRUE,0.632455532033676
"10.1145/3544548.3581200","empirical studies in hci;human-centered computing",15,"regression analysis","211","UNKNOWN","",1,"R2",0.23,"UNKNOWN","UNKNOWN","UNKNOWN",2019,"regression (unspecified)","not_applicable","yes","r_squared","",FALSE,FALSE,FALSE,FALSE,FALSE,FALSE,FALSE,FALSE,TRUE,0.479583152331272
"10.1145/3544548.3581200","empirical studies in hci;human-centered computing",16,"regression analysis","211","UNKNOWN","",1,"R2",0.13,"UNKNOWN","UNKNOWN","UNKNOWN",2019,"regression (unspecified)","not_applicable","yes","r_squared","",FALSE,FALSE,FALSE,FALSE,FALSE,FALSE,FALSE,FALSE,TRUE,0.360555127546399
"10.1145/3544548.3581200","empirical studies in hci;human-centered computing",17,"regression analysis","211","UNKNOWN","",1,"Incremental R2",0.1,"UNKNOWN","UNKNOWN","UNKNOWN",2019,"regression (unspecified)","not_applicable","yes","r_squared","",FALSE,FALSE,FALSE,FALSE,FALSE,FALSE,FALSE,FALSE,TRUE,0.316227766016838
"10.1145/3544548.3581200","empirical studies in hci;human-centered computing",17,"regression analysis","211","UNKNOWN","",2,"Total R2",0.33,"UNKNOWN","UNKNOWN","UNKNOWN",2019,"regression (unspecified)","not_applicable","yes","r_squared","",FALSE,FALSE,FALSE,FALSE,FALSE,FALSE,FALSE,FALSE,TRUE,0.574456264653803
"10.1145/3544548.3581200","empirical studies in hci;human-centered computing",18,"regression analysis","211","UNKNOWN","",1,"Incremental R2",0.2,"UNKNOWN","UNKNOWN","UNKNOWN",2019,"regression (unspecified)","not_applicable","yes","r_squared","",FALSE,FALSE,FALSE,FALSE,FALSE,FALSE,FALSE,FALSE,TRUE,0.447213595499958
"10.1145/3544548.3581200","empirical studies in hci;human-centered computing",18,"regression analysis","211","UNKNOWN","",2,"Total R2",0.33,"UNKNOWN","UNKNOWN","UNKNOWN",2019,"regression (unspecified)","not_applicable","yes","r_squared","",FALSE,FALSE,FALSE,FALSE,FALSE,FALSE,FALSE,FALSE,TRUE,0.574456264653803
"10.1145/3290605.3300748","usability in security and privacy;security and privacy;intrusion/anomaly detection and malware mitigation;empirical studies in hci;human-centered computing",1,"mixed-effect logistic regression","701","< .001","Browser warning",1,"Odds Ratio (OR)",7.3e-05,"UNKNOWN","UNKNOWN","UNKNOWN",2019,"mixed logistic regression","RM","yes","odds_ratio","",FALSE,TRUE,TRUE,TRUE,FALSE,TRUE,TRUE,TRUE,TRUE,1.43526286325269
"10.1145/3290605.3300465","human computer interaction (hci);human-centered computing;haptic devices;empirical studies in hci",5,"rank-sum test","UNKNOWN","0.425","",1,"r",-0.8,"UNKNOWN","UNKNOWN","UNKNOWN",2019,"mann-whitney test","not_RM","yes","pearsons_r","",FALSE,TRUE,TRUE,TRUE,FALSE,TRUE,TRUE,TRUE,TRUE,0.8
"10.1145/3290605.3300433","text input;human-centered computing;pointing",12,"pearson correlation analysis on retype op time (rt) with typing speed (wpm)","24","< .001","",1,"r",-0.65,"UNKNOWN","UNKNOWN","95% CI",2019,"pearson correlation","not_RM","yes","pearsons_r","",FALSE,TRUE,TRUE,TRUE,FALSE,TRUE,TRUE,FALSE,TRUE,0.65
"10.1145/3290605.3300433","text input;human-centered computing;pointing",13,"pearson correlation analysis on retype motor time (rn) with typing speed (wpm)","24","< .001","",1,"r",-0.72,"UNKNOWN","UNKNOWN","95% CI",2019,"pearson correlation","not_RM","yes","pearsons_r","",FALSE,TRUE,TRUE,TRUE,FALSE,TRUE,TRUE,FALSE,TRUE,0.72
"10.1145/3290605.3300433","text input;human-centered computing;pointing",14,"pearson correlation analysis on mouse op time (mt) with typing speed (wpm)","24",".003","",1,"r",-0.58,"UNKNOWN","UNKNOWN","95% CI",2019,"pearson correlation","not_RM","yes","pearsons_r","",FALSE,TRUE,TRUE,TRUE,FALSE,TRUE,TRUE,FALSE,TRUE,0.58
"10.1145/3290605.3300433","text input;human-centered computing;pointing",15,"pearson correlation analysis on mouse motor time (mn) with typing speed (wpm)","24","< .001","",1,"r",-0.67,"UNKNOWN","UNKNOWN","95% CI",2019,"pearson correlation","not_RM","yes","pearsons_r","",FALSE,TRUE,TRUE,TRUE,FALSE,TRUE,TRUE,FALSE,TRUE,0.67
"10.1145/3313831.3376707","empirical studies in hci;human-centered computing",3,"t-test","12","< .001","",1,"d",1.531,"UNKNOWN","UNKNOWN","UNKNOWN",2019,"t-test","unclear","yes","cohens_d","",FALSE,FALSE,FALSE,FALSE,FALSE,FALSE,FALSE,FALSE,TRUE,0.771966864708707
"10.1145/3313831.3376707","empirical studies in hci;human-centered computing",4,"t-test","12","< .001","",1,"d",0.758,"UNKNOWN","UNKNOWN","UNKNOWN",2019,"t-test","unclear","yes","cohens_d","",FALSE,FALSE,FALSE,FALSE,FALSE,FALSE,FALSE,FALSE,TRUE,0.450088661671084
"10.1145/3290605.3300438","pointing devices;pointing;human-centered computing;applied computing",1,"pearson's correlation","16","< .001","",1,"Pearson's R",-0.25,"UNKNOWN","UNKNOWN","UNKNOWN",2019,"pearson correlation","not_RM","yes","pearsons_r","",FALSE,TRUE,TRUE,TRUE,FALSE,TRUE,TRUE,TRUE,TRUE,0.25
"10.1145/3290605.3300438","pointing devices;pointing;human-centered computing;applied computing",4,"pearson's correlation","16","< .01","",1,"Pearson's R",-0.47,"UNKNOWN","UNKNOWN","UNKNOWN",2019,"pearson correlation","not_RM","yes","pearsons_r","",FALSE,TRUE,TRUE,TRUE,FALSE,TRUE,TRUE,TRUE,TRUE,0.47
"10.1145/3290605.3300438","pointing devices;pointing;human-centered computing;applied computing",5,"pearson's correlation","16","< .01","",1,"Pearson's R",-0.49,"UNKNOWN","UNKNOWN","UNKNOWN",2019,"pearson correlation","not_RM","yes","pearsons_r","",FALSE,TRUE,TRUE,TRUE,FALSE,TRUE,TRUE,TRUE,TRUE,0.49
"10.1145/3290605.3300438","pointing devices;pointing;human-centered computing;applied computing",6,"pearson's correlation","16","< .01","",1,"Pearson's R",-0.66,"UNKNOWN","UNKNOWN","UNKNOWN",2019,"pearson correlation","not_RM","yes","pearsons_r","",FALSE,TRUE,TRUE,TRUE,FALSE,TRUE,TRUE,TRUE,TRUE,0.66
"10.1145/3290605.3300438","pointing devices;pointing;human-centered computing;applied computing",7,"pearson's correlation","16","< .001","",1,"Pearson's R",-0.36,"UNKNOWN","UNKNOWN","UNKNOWN",2019,"pearson correlation","not_RM","yes","pearsons_r","",FALSE,TRUE,TRUE,TRUE,FALSE,TRUE,TRUE,TRUE,TRUE,0.36
"10.1145/3290605.3300438","pointing devices;pointing;human-centered computing;applied computing",16,"pearson's correlation","16","< .001","",1,"Pearson's R",-0.61,"UNKNOWN","UNKNOWN","UNKNOWN",2019,"pearson correlation","not_RM","yes","pearsons_r","",FALSE,TRUE,TRUE,TRUE,FALSE,TRUE,TRUE,TRUE,TRUE,0.61
"10.1145/3290605.3300438","pointing devices;pointing;human-centered computing;applied computing",17,"pearson's correlation","16","< .001","",1,"Pearson's R",-0.5,"UNKNOWN","UNKNOWN","UNKNOWN",2019,"pearson correlation","not_RM","yes","pearsons_r","",FALSE,TRUE,TRUE,TRUE,FALSE,TRUE,TRUE,TRUE,TRUE,0.5
"10.1145/3290605.3300438","pointing devices;pointing;human-centered computing;applied computing",18,"pearson's correlation","16","< .001","",1,"Pearson's R",-0.14,"UNKNOWN","UNKNOWN","UNKNOWN",2019,"pearson correlation","not_RM","yes","pearsons_r","",FALSE,TRUE,TRUE,TRUE,FALSE,TRUE,TRUE,TRUE,TRUE,0.14
"10.1145/3290605.3300438","pointing devices;pointing;human-centered computing;applied computing",19,"pearson's correlation","16","< .001","",1,"Pearson's R",-0.63,"UNKNOWN","UNKNOWN","UNKNOWN",2019,"pearson correlation","not_RM","yes","pearsons_r","",FALSE,TRUE,TRUE,TRUE,FALSE,TRUE,TRUE,TRUE,TRUE,0.63
"10.1145/3290605.3300438","pointing devices;pointing;human-centered computing;applied computing",21,"pearson's correlation","16","< .001","",1,"Pearson's R",-0.76,"UNKNOWN","UNKNOWN","UNKNOWN",2019,"pearson correlation","not_RM","yes","pearsons_r","",FALSE,TRUE,TRUE,TRUE,FALSE,TRUE,TRUE,TRUE,TRUE,0.76
"10.1145/3313831.3376157","human-centered computing",3,"one-way within-participant design anova","101","< .01","",1,"f",0.315,"UNKNOWN","UNKNOWN","UNKNOWN",2019,"repeated measures anova","RM","maybe","cohens_f","",FALSE,FALSE,FALSE,FALSE,FALSE,FALSE,FALSE,FALSE,TRUE,0.381567148211474
"10.1145/3290605.3300816","e-learning;applied computing",3,"linear regression","100","< 0.001","",1,"Adjusted R²",0.76,"UNKNOWN","UNKNOWN","UNKNOWN",2019,"linear regression","not_RM","maybe","r_squared","adjusted",FALSE,TRUE,TRUE,FALSE,FALSE,TRUE,TRUE,TRUE,TRUE,0.871779788708135
"10.1145/3290605.3300296","user studies;human-centered computing",3,"hierarchical regression (motivations model, first block)","350","< 0.0001","",1,"Adjusted R²",0.17,"UNKNOWN","UNKNOWN","UNKNOWN",2019,"regression (different)","not_applicable","maybe","r_squared","adjusted",FALSE,TRUE,TRUE,FALSE,FALSE,TRUE,TRUE,TRUE,TRUE,0.412310562561766
"10.1145/3290605.3300296","user studies;human-centered computing",5,"hierarchical regression (emotional gratifications model, first block)","350","< 0.0001","",1,"Adjusted R²",0.17,"UNKNOWN","UNKNOWN","UNKNOWN",2019,"regression (different)","not_applicable","maybe","r_squared","adjusted",FALSE,TRUE,TRUE,FALSE,FALSE,TRUE,TRUE,TRUE,TRUE,0.412310562561766
"10.1145/3290605.3300519","software and application security;security and privacy;human and societal aspects of security and privacy",2,"wilcoxon signed rank test","87","< .01","",1,"r",-0.3,"UNKNOWN","UNKNOWN","UNKNOWN",2019,"wilcoxon matched-pairs test","RM","yes","pearsons_r","",FALSE,TRUE,TRUE,TRUE,FALSE,TRUE,TRUE,TRUE,TRUE,0.3
"10.1145/3290605.3300519","software and application security;security and privacy;human and societal aspects of security and privacy",6,"wilcoxon test with bonferroni correction","76","< .01","rewards vs perceived negative consequences",1,"r",-0.37,"UNKNOWN","UNKNOWN","UNKNOWN",2019,"","unclear test","yes","pearsons_r","",FALSE,TRUE,TRUE,TRUE,FALSE,TRUE,TRUE,TRUE,TRUE,0.37
"10.1145/3290605.3300519","software and application security;security and privacy;human and societal aspects of security and privacy",8,"wilcoxon test with bonferroni correction","76","< .05","identifying with security importance vs workplace environment",1,"r",-0.25,"UNKNOWN","UNKNOWN","UNKNOWN",2019,"","unclear test","yes","pearsons_r","",FALSE,TRUE,TRUE,TRUE,FALSE,TRUE,TRUE,TRUE,TRUE,0.25
"10.1145/3290605.3300277","natural language interfaces;human-centered computing;empirical studies in hci",4,"pearson correlation","50","0.027","",1,"r",-0.312,"UNKNOWN","UNKNOWN","UNKNOWN",2019,"pearson correlation","not_RM","yes","pearsons_r","",FALSE,TRUE,TRUE,TRUE,FALSE,TRUE,TRUE,TRUE,TRUE,0.312
"10.1145/3290605.3300277","natural language interfaces;human-centered computing;empirical studies in hci",5,"pearson correlation","50","0.039","",1,"r",-0.292,"UNKNOWN","UNKNOWN","UNKNOWN",2019,"pearson correlation","not_RM","yes","pearsons_r","",FALSE,TRUE,TRUE,TRUE,FALSE,TRUE,TRUE,TRUE,TRUE,0.292
"10.1145/3290605.3300838","computer supported cooperative work;human-centered computing",2,"paired t-test (1m vs 2m)","18","<0.0005","",1,"Cohen's d",-1.121,"UNKNOWN","UNKNOWN","UNKNOWN",2019,"dependant t-test","RM","yes","cohens_d","",FALSE,TRUE,TRUE,TRUE,FALSE,TRUE,TRUE,TRUE,TRUE,0.620947916930773
"10.1145/3290605.3300838","computer supported cooperative work;human-centered computing",3,"paired t-test (1m vs 3m)","18","<0.0005","",1,"Cohen's d",-1.495,"UNKNOWN","UNKNOWN","UNKNOWN",2019,"dependant t-test","RM","yes","cohens_d","",FALSE,TRUE,TRUE,TRUE,FALSE,TRUE,TRUE,TRUE,TRUE,0.760371471321394
"10.1145/3290605.3300838","computer supported cooperative work;human-centered computing",4,"paired t-test (2m vs 3m)","18","<0.0005","",1,"Cohen's d",-1.187,"UNKNOWN","UNKNOWN","UNKNOWN",2019,"dependant t-test","RM","yes","cohens_d","",FALSE,TRUE,TRUE,TRUE,FALSE,TRUE,TRUE,TRUE,TRUE,0.648182339079179
"10.1145/1122445.1122456","empirical studies in hci;human-centered computing",1,"mixed design repeated measures anova","183","< .001","",1,"η²",0.428,"UNKNOWN","UNKNOWN","UNKNOWN",2020,"mixed anova","RM","yes","eta_squared","",FALSE,FALSE,FALSE,FALSE,FALSE,FALSE,FALSE,FALSE,TRUE,0.654217089351845
"10.1145/1122445.1122456","empirical studies in hci;human-centered computing",2,"interaction effect between hiv status disclosure and interface design conditions","183",".016","",1,"η²",0.031,"UNKNOWN","UNKNOWN","UNKNOWN",2020,"","unclear test","yes","eta_squared","",FALSE,FALSE,FALSE,FALSE,FALSE,FALSE,FALSE,FALSE,TRUE,0.17606816861659
"10.1145/3313831.3376766","hci theory, concepts and models;human-centered computing;user models",2,"one-sample t-test","17","< .001","",1,"d",-1.58,"UNKNOWN","UNKNOWN","UNKNOWN",2020,"one-sample t-test","not_applicable","yes","cohens_d","",FALSE,TRUE,TRUE,TRUE,FALSE,TRUE,TRUE,TRUE,TRUE,0.787271317326988
"10.1145/3313831.3376766","hci theory, concepts and models;human-centered computing;user models",8,"post hoc test for iaf power between 200 and 350 wpm","17","< .001","",1,"d",-5.28,"UNKNOWN","UNKNOWN","UNKNOWN",2020,"","unclear test","yes","cohens_d","",FALSE,TRUE,TRUE,TRUE,FALSE,TRUE,TRUE,TRUE,TRUE,1.18765249551812
"10.1145/3313831.3376766","hci theory, concepts and models;human-centered computing;user models",9,"post hoc test for iaf power between 200 and 500 wpm","17","< .001","",1,"d",-5.5,"UNKNOWN","UNKNOWN","UNKNOWN",2020,"","unclear test","yes","cohens_d","",FALSE,TRUE,TRUE,TRUE,FALSE,TRUE,TRUE,TRUE,TRUE,1.19353764783032
"10.1145/3313831.3376766","hci theory, concepts and models;human-centered computing;user models",10,"post hoc test for iaf power between 350 and 500 wpm","17","< .001","",1,"d",-4.96,"UNKNOWN","UNKNOWN","UNKNOWN",2020,"","unclear test","yes","cohens_d","",FALSE,TRUE,TRUE,TRUE,FALSE,TRUE,TRUE,TRUE,TRUE,1.17785066948116
"10.1145/3313831.3376887","empirical studies in visualization;visualization;human-centered computing",7,"effect sizes for main effects and interactions","160","UNKNOWN","",4,"Cohen's d",-0.022,"0.489","-0.533","95% CI",2020,"","unclear test","yes","cohens_d","",FALSE,TRUE,TRUE,TRUE,FALSE,TRUE,FALSE,TRUE,TRUE,0.0139691548916928
"10.1145/3313831.3376675","heat maps;human-centered computing;virtual reality",4,"mann-whitney test for lookup task error rate (screen2d vs. screen3d)","24","0.013","",1,"r",-0.36,"UNKNOWN","UNKNOWN","UNKNOWN",2020,"mann-whitney test","not_RM","yes","pearsons_r","",FALSE,TRUE,TRUE,TRUE,FALSE,TRUE,TRUE,TRUE,TRUE,0.36
"10.1145/3313831.3376675","heat maps;human-centered computing;virtual reality",5,"mann-whitney test for lookup task error rate (screen2d vs. vr2d)","24","0.047","",1,"r",-0.29,"UNKNOWN","UNKNOWN","UNKNOWN",2020,"mann-whitney test","not_RM","yes","pearsons_r","",FALSE,TRUE,TRUE,TRUE,FALSE,TRUE,TRUE,TRUE,TRUE,0.29
"10.1145/3313831.3376675","heat maps;human-centered computing;virtual reality",6,"mann-whitney test for lookup task error rate (screen2d vs. vr3d)","24","0.004","",1,"r",-0.42,"UNKNOWN","UNKNOWN","UNKNOWN",2020,"mann-whitney test","not_RM","yes","pearsons_r","",FALSE,TRUE,TRUE,TRUE,FALSE,TRUE,TRUE,TRUE,TRUE,0.42
"10.1145/3313831.3376675","heat maps;human-centered computing;virtual reality",7,"mann-whitney test for lookup task error rate (vr2d vs. vr3d)","24","0.012","",1,"r",-0.36,"UNKNOWN","UNKNOWN","UNKNOWN",2020,"mann-whitney test","not_RM","yes","pearsons_r","",FALSE,TRUE,TRUE,TRUE,FALSE,TRUE,TRUE,TRUE,TRUE,0.36
"10.1145/3313831.3376675","heat maps;human-centered computing;virtual reality",8,"mann-whitney test for overview task error rate (screen2d vs. screen3d)","24","< 0.001","",1,"r",-0.56,"UNKNOWN","UNKNOWN","UNKNOWN",2020,"mann-whitney test","not_RM","yes","pearsons_r","",FALSE,TRUE,TRUE,TRUE,FALSE,TRUE,TRUE,TRUE,TRUE,0.56
"10.1145/3313831.3376675","heat maps;human-centered computing;virtual reality",9,"mann-whitney test for overview task error rate (screen2d vs. vr3d)","24","0.005","",1,"r",-0.41,"UNKNOWN","UNKNOWN","UNKNOWN",2020,"mann-whitney test","not_RM","yes","pearsons_r","",FALSE,TRUE,TRUE,TRUE,FALSE,TRUE,TRUE,TRUE,TRUE,0.41
"10.1145/3313831.3376675","heat maps;human-centered computing;virtual reality",10,"mann-whitney test for overview task error rate (vr2d vs. screen3d)","24","< 0.001","",1,"r",-0.53,"UNKNOWN","UNKNOWN","UNKNOWN",2020,"mann-whitney test","not_RM","yes","pearsons_r","",FALSE,TRUE,TRUE,TRUE,FALSE,TRUE,TRUE,TRUE,TRUE,0.53
"10.1145/3313831.3376675","heat maps;human-centered computing;virtual reality",11,"mann-whitney test for overview task error rate (vr2d vs. vr3d)","24","0.006","",1,"r",-0.4,"UNKNOWN","UNKNOWN","UNKNOWN",2020,"mann-whitney test","not_RM","yes","pearsons_r","",FALSE,TRUE,TRUE,TRUE,FALSE,TRUE,TRUE,TRUE,TRUE,0.4
"10.1145/3313831.3376675","heat maps;human-centered computing;virtual reality",17,"mann-whitney test for lookup task completion time (screen3d vs. vr2d)","24","0.005","",1,"r",-0.41,"UNKNOWN","UNKNOWN","UNKNOWN",2020,"mann-whitney test","not_RM","yes","pearsons_r","",FALSE,TRUE,TRUE,TRUE,FALSE,TRUE,TRUE,TRUE,TRUE,0.41
"10.1145/3313831.3376675","heat maps;human-centered computing;virtual reality",18,"mann-whitney test for lookup task completion time (screen3d vs. vr3d)","24","0.050","",1,"r",-0.28,"UNKNOWN","UNKNOWN","UNKNOWN",2020,"mann-whitney test","not_RM","yes","pearsons_r","",FALSE,TRUE,TRUE,TRUE,FALSE,TRUE,TRUE,TRUE,TRUE,0.28
"10.1145/3313831.3376675","heat maps;human-centered computing;virtual reality",19,"mann-whitney test for overview task completion time (screen2d vs. screen3d)","24","0.001","",1,"r",-0.46,"UNKNOWN","UNKNOWN","UNKNOWN",2020,"mann-whitney test","not_RM","yes","pearsons_r","",FALSE,TRUE,TRUE,TRUE,FALSE,TRUE,TRUE,TRUE,TRUE,0.46
"10.1145/3313831.3376675","heat maps;human-centered computing;virtual reality",20,"mann-whitney test for overview task completion time (vr2d vs. vr3d)","24","< 0.001","",1,"r",-0.53,"UNKNOWN","UNKNOWN","UNKNOWN",2020,"mann-whitney test","not_RM","yes","pearsons_r","",FALSE,TRUE,TRUE,TRUE,FALSE,TRUE,TRUE,TRUE,TRUE,0.53
"10.1145/3313831.3376675","heat maps;human-centered computing;virtual reality",21,"mann-whitney test for overview task completion time (screen2d vs. vr2d)","24","0.050","",1,"r",-0.28,"UNKNOWN","UNKNOWN","UNKNOWN",2020,"mann-whitney test","not_RM","yes","pearsons_r","",FALSE,TRUE,TRUE,TRUE,FALSE,TRUE,TRUE,TRUE,TRUE,0.28
"10.1145/3313831.3376504","human computer interaction (hci);human-centered computing;computing methodologies",17,"pearson correlation for valence and anger","70","< 0.003","",1,"r",-0.55,"UNKNOWN","UNKNOWN","95%",2020,"pearson correlation","not_RM","yes","pearsons_r","",FALSE,TRUE,FALSE,TRUE,FALSE,TRUE,TRUE,FALSE,TRUE,0.55
"10.1145/3313831.3376504","human computer interaction (hci);human-centered computing;computing methodologies",19,"pearson correlation for valence and sadness","70","< 0.003","",1,"r",-0.62,"UNKNOWN","UNKNOWN","95%",2020,"pearson correlation","not_RM","yes","pearsons_r","",FALSE,TRUE,FALSE,TRUE,FALSE,TRUE,TRUE,FALSE,TRUE,0.62
"10.1145/3313831.3376504","human computer interaction (hci);human-centered computing;computing methodologies",20,"pearson correlation for valence and surprise","70","UNKNOWN","",1,"r",-0.14,"UNKNOWN","UNKNOWN","95%",2020,"pearson correlation","not_RM","yes","pearsons_r","",FALSE,TRUE,TRUE,TRUE,FALSE,TRUE,TRUE,FALSE,TRUE,0.14
"10.1145/3313831.3376504","human computer interaction (hci);human-centered computing;computing methodologies",21,"pearson correlation for valence and stress","70","< 0.003","",1,"r",-0.3,"UNKNOWN","UNKNOWN","95%",2020,"pearson correlation","not_RM","yes","pearsons_r","",FALSE,TRUE,FALSE,TRUE,FALSE,TRUE,TRUE,FALSE,TRUE,0.3
"10.1145/3313831.3376504","human computer interaction (hci);human-centered computing;computing methodologies",27,"pearson correlation for dominance and anger","70","< 0.003","",1,"r",-0.19,"UNKNOWN","UNKNOWN","95%",2020,"pearson correlation","not_RM","yes","pearsons_r","",FALSE,TRUE,FALSE,TRUE,FALSE,TRUE,TRUE,FALSE,TRUE,0.19
"10.1145/3313831.3376504","human computer interaction (hci);human-centered computing;computing methodologies",29,"pearson correlation for dominance and sadness","70","< 0.003","",1,"r",-0.24,"UNKNOWN","UNKNOWN","95%",2020,"pearson correlation","not_RM","yes","pearsons_r","",FALSE,TRUE,FALSE,TRUE,FALSE,TRUE,TRUE,FALSE,TRUE,0.24
"10.1145/3313831.3376504","human computer interaction (hci);human-centered computing;computing methodologies",30,"pearson correlation for dominance and surprise","70","UNKNOWN","",1,"r",-0.1,"UNKNOWN","UNKNOWN","95%",2020,"pearson correlation","not_RM","yes","pearsons_r","",FALSE,TRUE,TRUE,TRUE,FALSE,TRUE,TRUE,FALSE,TRUE,0.1
"10.1145/3313831.3376504","human computer interaction (hci);human-centered computing;computing methodologies",31,"pearson correlation for dominance and stress","70","< 0.003","",1,"r",-0.33,"UNKNOWN","UNKNOWN","95%",2020,"pearson correlation","not_RM","yes","pearsons_r","",FALSE,TRUE,FALSE,TRUE,FALSE,TRUE,TRUE,FALSE,TRUE,0.33
"10.1145/3313831.3376651","human and societal aspects of security and privacy;security and privacy",1,"wilcoxon signed-rank test","212","< .001","",1,"r",0.54,"UNKNOWN","UNKNOWN","UNKNOWN",2020,"wilcoxon matched-pairs test","RM","yes","pearsons_r","",FALSE,TRUE,FALSE,TRUE,FALSE,TRUE,TRUE,TRUE,TRUE,0.54
"10.1145/3313831.3376754","software security engineering;security and privacy;hci design and evaluation methods;human-centered computing",1,"pearson's correlation","146","0.001","CPSES",1,"ρ",0.528,"UNKNOWN","UNKNOWN","95% CI",2020,"pearson correlation","not_RM","yes","spearmans_rho","",FALSE,TRUE,TRUE,TRUE,FALSE,TRUE,TRUE,TRUE,TRUE,0.556821948455343
"10.1145/3313831.3376754","software security engineering;security and privacy;hci design and evaluation methods;human-centered computing",2,"pearson's correlation","146","< 0.001","CPSES",1,"ρ",0.627,"UNKNOWN","UNKNOWN","95% CI",2020,"pearson correlation","not_RM","yes","spearmans_rho","",FALSE,TRUE,TRUE,TRUE,FALSE,TRUE,TRUE,TRUE,TRUE,0.657759060043013
"10.1145/3313831.3376754","software security engineering;security and privacy;hci design and evaluation methods;human-centered computing",3,"pearson's correlation","146","0.191","SA-6",1,"ρ",0.249,"UNKNOWN","UNKNOWN","95% CI",2020,"pearson correlation","not_RM","yes","spearmans_rho","",FALSE,TRUE,FALSE,TRUE,FALSE,TRUE,TRUE,TRUE,TRUE,0.265214392273511
"10.1145/3313831.3376754","software security engineering;security and privacy;hci design and evaluation methods;human-centered computing",5,"pearson's correlation","146","0.622","SeBIS1",1,"ρ",0.077,"UNKNOWN","UNKNOWN","95% CI",2020,"pearson correlation","not_RM","yes","spearmans_rho","",FALSE,TRUE,FALSE,TRUE,FALSE,TRUE,TRUE,TRUE,TRUE,0.082224615851751
"10.1145/3313831.3376754","software security engineering;security and privacy;hci design and evaluation methods;human-centered computing",6,"pearson's correlation","146","0.298","SeBIS1",1,"ρ",0.202,"UNKNOWN","UNKNOWN","95% CI",2020,"pearson correlation","not_RM","yes","spearmans_rho","",FALSE,TRUE,TRUE,TRUE,FALSE,TRUE,TRUE,TRUE,TRUE,0.215362527979481
"10.1145/3313831.3376754","software security engineering;security and privacy;hci design and evaluation methods;human-centered computing",7,"pearson's correlation","146","0.053","SeBIS2",1,"ρ",0.37,"UNKNOWN","UNKNOWN","95% CI",2020,"pearson correlation","not_RM","yes","spearmans_rho","",FALSE,TRUE,FALSE,TRUE,FALSE,TRUE,TRUE,TRUE,TRUE,0.392744811712851
"10.1145/3313831.3376754","software security engineering;security and privacy;hci design and evaluation methods;human-centered computing",9,"pearson's correlation","146","0.096","SeBIS3",1,"ρ",0.308,"UNKNOWN","UNKNOWN","95% CI",2020,"pearson correlation","not_RM","yes","spearmans_rho","",FALSE,TRUE,FALSE,TRUE,FALSE,TRUE,TRUE,TRUE,TRUE,0.327563411578606
"10.1145/3313831.3376754","software security engineering;security and privacy;hci design and evaluation methods;human-centered computing",10,"pearson's correlation","146","0.224","SeBIS3",1,"ρ",0.227,"UNKNOWN","UNKNOWN","95% CI",2020,"pearson correlation","not_RM","yes","spearmans_rho","",FALSE,TRUE,FALSE,TRUE,FALSE,TRUE,TRUE,TRUE,TRUE,0.241897634221034
"10.1145/3313831.3376754","software security engineering;security and privacy;hci design and evaluation methods;human-centered computing",11,"pearson's correlation","146","0.412","SeBIS4",1,"ρ",0.145,"UNKNOWN","UNKNOWN","95% CI",2020,"pearson correlation","not_RM","yes","spearmans_rho","",FALSE,TRUE,FALSE,TRUE,FALSE,TRUE,TRUE,TRUE,TRUE,0.154731768969696
"10.1145/3313831.3376754","software security engineering;security and privacy;hci design and evaluation methods;human-centered computing",12,"pearson's correlation","146","0.470","SeBIS4",1,"ρ",0.122,"UNKNOWN","UNKNOWN","95% CI",2020,"pearson correlation","not_RM","yes","spearmans_rho","",FALSE,TRUE,FALSE,TRUE,FALSE,TRUE,TRUE,TRUE,TRUE,0.130224656753386
"10.1145/3313831.3376754","software security engineering;security and privacy;hci design and evaluation methods;human-centered computing",13,"pearson's correlation","146","0.067","GES",1,"ρ",0.363,"UNKNOWN","UNKNOWN","95% CI",2020,"pearson correlation","not_RM","yes","spearmans_rho","",FALSE,TRUE,FALSE,TRUE,FALSE,TRUE,TRUE,TRUE,TRUE,0.385405074207607
"10.1145/3313831.3376754","software security engineering;security and privacy;hci design and evaluation methods;human-centered computing",14,"pearson's correlation","146","0.063","GES",1,"ρ",0.375,"UNKNOWN","UNKNOWN","95% CI",2020,"pearson correlation","not_RM","yes","spearmans_rho","",FALSE,TRUE,FALSE,TRUE,FALSE,TRUE,TRUE,TRUE,TRUE,0.397984256912902
"10.1145/3313831.3376754","software security engineering;security and privacy;hci design and evaluation methods;human-centered computing",15,"pearson's correlation","146","0.007","NFC",1,"ρ",0.464,"UNKNOWN","UNKNOWN","95% CI",2020,"pearson correlation","not_RM","yes","spearmans_rho","",FALSE,TRUE,FALSE,TRUE,FALSE,TRUE,TRUE,TRUE,TRUE,0.490756418490343
"10.1145/3313831.3376754","software security engineering;security and privacy;hci design and evaluation methods;human-centered computing",17,"pearson's correlation","146","0.928","GDMS1",1,"ρ",0.013,"UNKNOWN","UNKNOWN","95% CI",2020,"pearson correlation","not_RM","yes","spearmans_rho","",FALSE,TRUE,FALSE,TRUE,FALSE,TRUE,TRUE,TRUE,TRUE,0.0138857323019461
"10.1145/3313831.3376754","software security engineering;security and privacy;hci design and evaluation methods;human-centered computing",18,"pearson's correlation","146","0.450","GDMS1",1,"ρ",0.129,"UNKNOWN","UNKNOWN","95% CI",2020,"pearson correlation","not_RM","yes","spearmans_rho","",FALSE,TRUE,TRUE,TRUE,FALSE,TRUE,TRUE,TRUE,TRUE,0.137685506001749
"10.1145/3313831.3376754","software security engineering;security and privacy;hci design and evaluation methods;human-centered computing",19,"pearson's correlation","146","0.121","GDMS2",1,"ρ",0.276,"UNKNOWN","UNKNOWN","95% CI",2020,"pearson correlation","not_RM","yes","spearmans_rho","",FALSE,TRUE,FALSE,TRUE,FALSE,TRUE,TRUE,TRUE,TRUE,0.293781996406594
"10.1145/3313831.3376754","software security engineering;security and privacy;hci design and evaluation methods;human-centered computing",20,"pearson's correlation","146","0.337","GDMS2",1,"ρ",0.178,"UNKNOWN","UNKNOWN","95% CI",2020,"pearson correlation","not_RM","yes","spearmans_rho","",FALSE,TRUE,TRUE,TRUE,FALSE,TRUE,TRUE,TRUE,TRUE,0.189854052188306
"10.1145/3313831.3376754","software security engineering;security and privacy;hci design and evaluation methods;human-centered computing",21,"pearson's correlation","146","0.403","GDMS3",1,"ρ",0.148,"UNKNOWN","UNKNOWN","95% CI",2020,"pearson correlation","not_RM","yes","spearmans_rho","",FALSE,TRUE,FALSE,TRUE,FALSE,TRUE,TRUE,TRUE,TRUE,0.157926770356344
"10.1145/3313831.3376754","software security engineering;security and privacy;hci design and evaluation methods;human-centered computing",22,"pearson's correlation","146","0.622","GDMS3",1,"ρ",-0.075,"UNKNOWN","UNKNOWN","95% CI",2020,"pearson correlation","not_RM","yes","spearmans_rho","",FALSE,TRUE,FALSE,TRUE,FALSE,TRUE,TRUE,TRUE,TRUE,0.0800900241485
"10.1145/3313831.3376754","software security engineering;security and privacy;hci design and evaluation methods;human-centered computing",23,"pearson's correlation","146","0.622","GDMS4",1,"ρ",-0.075,"UNKNOWN","UNKNOWN","95% CI",2020,"pearson correlation","not_RM","yes","spearmans_rho","",FALSE,TRUE,FALSE,TRUE,FALSE,TRUE,TRUE,TRUE,TRUE,0.0800900241485
"10.1145/3313831.3376754","software security engineering;security and privacy;hci design and evaluation methods;human-centered computing",24,"pearson's correlation","146","0.403","GDMS4",1,"ρ",0.139,"UNKNOWN","UNKNOWN","95% CI",2020,"pearson correlation","not_RM","yes","spearmans_rho","",FALSE,TRUE,FALSE,TRUE,FALSE,TRUE,TRUE,TRUE,TRUE,0.148340628724914
"10.1145/3313831.3376754","software security engineering;security and privacy;hci design and evaluation methods;human-centered computing",25,"pearson's correlation","146","0.121","GDMS5",1,"ρ",0.271,"UNKNOWN","UNKNOWN","95% CI",2020,"pearson correlation","not_RM","yes","spearmans_rho","",FALSE,TRUE,FALSE,TRUE,FALSE,TRUE,TRUE,TRUE,TRUE,0.288495959059887
"10.1145/3411764.3445725","interaction techniques;human-centered computing;text input",4,"correlation between natural entry speed and keystroke saving","36","< .0001","",1,"Kendall's tau",-0.33,"UNKNOWN","UNKNOWN","UNKNOWN",2021,"correlation (unspecified)","not_RM","yes","kendalls_tau","",FALSE,TRUE,TRUE,TRUE,FALSE,TRUE,TRUE,TRUE,TRUE,0.500413255116732
"10.1145/3411764.3445725","interaction techniques;human-centered computing;text input",4,"correlation between natural entry speed and keystroke saving","36","< .0001","",2,"Kendall's tau",-0.62,"UNKNOWN","UNKNOWN","UNKNOWN",2021,"correlation (unspecified)","not_RM","yes","kendalls_tau","",FALSE,TRUE,TRUE,TRUE,FALSE,TRUE,TRUE,TRUE,TRUE,0.835351380017307
"10.1145/3411764.3445725","interaction techniques;human-centered computing;text input",4,"correlation between natural entry speed and keystroke saving","36","< .0001","",3,"Kendall's tau",-0.56,"UNKNOWN","UNKNOWN","UNKNOWN",2021,"correlation (unspecified)","not_RM","yes","kendalls_tau","",FALSE,TRUE,TRUE,TRUE,FALSE,TRUE,TRUE,TRUE,TRUE,0.778218375203547
"10.1145/3411764.3445725","interaction techniques;human-centered computing;text input",5,"correlation between entry speed improvement and typing speed","36","< .0001","",1,"Kendall's tau",-0.36,"UNKNOWN","UNKNOWN","UNKNOWN",2021,"correlation (unspecified)","not_RM","yes","kendalls_tau","",FALSE,TRUE,TRUE,TRUE,FALSE,TRUE,TRUE,TRUE,TRUE,0.541185062928787
"10.1145/3411764.3445725","interaction techniques;human-centered computing;text input",5,"correlation between entry speed improvement and typing speed","36","< .0001","",2,"Kendall's tau",-0.5,"UNKNOWN","UNKNOWN","UNKNOWN",2021,"correlation (unspecified)","not_RM","yes","kendalls_tau","",FALSE,TRUE,TRUE,TRUE,FALSE,TRUE,TRUE,TRUE,TRUE,0.714177848998413
"10.1145/3411764.3445309","human-centered computing;social and professional topics",2,"t-test","55","< 0.001","",1,"Cohen's d",-0.447,"UNKNOWN","UNKNOWN","UNKNOWN",2021,"t-test","unclear","yes","cohens_d","",FALSE,TRUE,TRUE,TRUE,FALSE,TRUE,TRUE,TRUE,TRUE,0.277010654972343
"10.1145/3411764.3445309","human-centered computing;social and professional topics",3,"t-test","55","< 0.001","",1,"Cohen's d",-0.447,"UNKNOWN","UNKNOWN","UNKNOWN",2021,"t-test","unclear","yes","cohens_d","",FALSE,TRUE,TRUE,TRUE,FALSE,TRUE,TRUE,TRUE,TRUE,0.277010654972343
"10.1145/3411764.3445309","human-centered computing;social and professional topics",4,"t-test","55","< 0.0001","",1,"Cohen's d",-0.447,"UNKNOWN","UNKNOWN","UNKNOWN",2021,"t-test","unclear","yes","cohens_d","",FALSE,TRUE,TRUE,TRUE,FALSE,TRUE,TRUE,TRUE,TRUE,0.277010654972343
"10.1145/3411764.3445157","empirical studies in hci;human-centered computing;computer games;applied computing",1,"repeated-measures anova","106","< .001","",1,"ηp²",0.472,"UNKNOWN","UNKNOWN","UNKNOWN",2021,"repeated measures anova","RM","yes","eta_squared","partial",FALSE,TRUE,TRUE,FALSE,FALSE,TRUE,TRUE,TRUE,TRUE,0.687022561492707
"10.1145/3411764.3445588","computer systems organization;networks",1,"independent samples t-test","121","< .001","",1,"Cohen's d",-1.162,"UNKNOWN","UNKNOWN","UNKNOWN",2021,"independent t-test","not_RM","yes","cohens_d","",FALSE,TRUE,TRUE,TRUE,FALSE,TRUE,TRUE,TRUE,TRUE,0.6380034904216
"10.1145/3411764.3445588","computer systems organization;networks",8,"pearson correlation","61",".207","",1,"Correlation coefficient (r)",-0.106,"UNKNOWN","UNKNOWN","UNKNOWN",2021,"pearson correlation","not_RM","yes","pearsons_r","",FALSE,TRUE,TRUE,TRUE,FALSE,TRUE,TRUE,TRUE,TRUE,0.106
"10.1145/3491102.3517722","empirical studies in hci;human-centered computing;human computer interaction (hci)",5,"paired-samples t-test","30","0.005","",1,"Cohen's d",-0.5,"UNKNOWN","UNKNOWN","UNKNOWN",2022,"dependant t-test","RM","yes","cohens_d","",FALSE,TRUE,TRUE,TRUE,FALSE,TRUE,TRUE,TRUE,TRUE,0.308020243796143
"10.1145/3491102.3502058","empirical studies in hci;human-centered computing;natural language interfaces",5,"pairwise post-hoc test (introverted vs average)","34","1.00","",1,"Cohen's d",-0.13,"UNKNOWN","UNKNOWN","UNKNOWN",2022,"","unclear test","yes","cohens_d","",FALSE,TRUE,TRUE,TRUE,FALSE,TRUE,TRUE,TRUE,TRUE,0.0823761637750038
"10.1145/3491102.3517481","human-centered computing;hci design and evaluation methods",1,"logistic regression","4233","UNKNOWN","",1,"Odds Ratio (OR)",1.77,"UNKNOWN","UNKNOWN","95% CI",2022,"logistic regression","not_RM","yes","odds_ratio","",FALSE,TRUE,TRUE,TRUE,FALSE,TRUE,TRUE,FALSE,TRUE,0.207003466065168
"10.1145/3491102.3517481","human-centered computing;hci design and evaluation methods",3,"logistic regression","4233","UNKNOWN","",1,"Odds Ratio (OR)",1.46,"UNKNOWN","UNKNOWN","95% CI",2022,"logistic regression","not_RM","yes","odds_ratio","",FALSE,TRUE,TRUE,TRUE,FALSE,TRUE,TRUE,FALSE,TRUE,0.137718642848663
"10.1145/3491102.3517481","human-centered computing;hci design and evaluation methods",3,"logistic regression","4233","UNKNOWN","",2,"Odds Ratio (OR)",1.4,"UNKNOWN","UNKNOWN","95% CI",2022,"logistic regression","not_RM","yes","odds_ratio","",FALSE,TRUE,TRUE,TRUE,FALSE,TRUE,TRUE,FALSE,TRUE,0.122523516674561
"10.1145/3491102.3501858","hci theory, concepts and models;human-centered computing",2,"spearman's ρ correlation test","285","0.023","",1,"ρ",-0.13,"-0.02","-0.26","95%",2022,"spearman correlation","not_RM","yes","spearmans_rho","",FALSE,TRUE,TRUE,TRUE,FALSE,FALSE,FALSE,TRUE,TRUE,0.138751192957106
"10.1145/3491102.3501858","hci theory, concepts and models;human-centered computing",4,"spearman's ρ correlation test","285","0.220","",1,"ρ",-0.07,"0.05","-0.19","95%",2022,"spearman correlation","not_RM","yes","spearmans_rho","",FALSE,TRUE,TRUE,TRUE,FALSE,TRUE,FALSE,TRUE,TRUE,0.0747531657613748
"10.1145/3491102.3501858","hci theory, concepts and models;human-centered computing",6,"spearman's ρ correlation test","285","0.168","",1,"ρ",-0.08,"0.04","-0.20","95%",2022,"spearman correlation","not_RM","yes","spearmans_rho","",FALSE,TRUE,TRUE,TRUE,FALSE,TRUE,FALSE,TRUE,TRUE,0.0854263336075673
"10.1145/3491102.3502129","human computer interaction (hci);human-centered computing",1,"paired, one-tailed t-test","44","<.001","Agency (PVR vs S)",1,"Cohen's d",-0.597,"UNKNOWN","UNKNOWN","95% CI",2022,"dependant t-test","RM","yes","cohens_d","",FALSE,TRUE,TRUE,TRUE,FALSE,TRUE,TRUE,FALSE,TRUE,0.363256779885169
"10.1145/3491102.3502129","human computer interaction (hci);human-centered computing",1,"paired, one-tailed t-test","44","<.001","Agency (AVR vs PVR)",1,"Cohen's d",-1.121,"UNKNOWN","UNKNOWN","95% CI",2022,"dependant t-test","RM","yes","cohens_d","",FALSE,TRUE,TRUE,TRUE,FALSE,TRUE,TRUE,FALSE,TRUE,0.620947916930773
"10.1145/3491102.3502129","human computer interaction (hci);human-centered computing",2,"paired, one-tailed t-test","44","<.001","PANAS (S vs B)",1,"Cohen's d",-0.992,"UNKNOWN","UNKNOWN","95% CI",2022,"dependant t-test","RM","yes","cohens_d","",FALSE,TRUE,TRUE,TRUE,FALSE,TRUE,TRUE,FALSE,TRUE,0.564317590370331
"10.1145/3491102.3502129","human computer interaction (hci);human-centered computing",2,"paired, one-tailed t-test","44","<.001","PANAS (PVR vs B)",1,"Cohen's d",-10.819,"UNKNOWN","UNKNOWN","95% CI",2022,"dependant t-test","RM","yes","cohens_d","",FALSE,TRUE,TRUE,TRUE,FALSE,TRUE,TRUE,FALSE,TRUE,1.2488408026409
"10.1145/3491102.3502129","human computer interaction (hci);human-centered computing",2,"paired, one-tailed t-test","44","<.001","PANAS (AVR vs B)",1,"Cohen's d",-1.863,"UNKNOWN","UNKNOWN","95% CI",2022,"dependant t-test","RM","yes","cohens_d","",FALSE,TRUE,TRUE,TRUE,FALSE,TRUE,TRUE,FALSE,TRUE,0.865633234051457
"10.1145/3491102.3502129","human computer interaction (hci);human-centered computing",3,"paired, one-tailed t-test","44",".007","IMI Pressure/Tension (PVR vs B)",1,"Cohen's d",-0.537,"UNKNOWN","UNKNOWN","95% CI",2022,"dependant t-test","RM","yes","cohens_d","",FALSE,TRUE,TRUE,TRUE,FALSE,TRUE,TRUE,FALSE,TRUE,0.329330484221846
"10.1145/3491102.3502129","human computer interaction (hci);human-centered computing",3,"paired, one-tailed t-test","44",".017","IMI Pressure/Tension (AVR vs B)",1,"Cohen's d",-0.469,"UNKNOWN","UNKNOWN","95% CI",2022,"dependant t-test","RM","yes","cohens_d","",FALSE,TRUE,TRUE,TRUE,FALSE,TRUE,TRUE,FALSE,TRUE,0.289949487207874
"10.1145/3491102.3517570","human computer interaction (hci);human-centered computing;hci design and evaluation methods",2,"pearson correlation","50 (initially), 19 (after filtering)","0.0016 (general), 0.0075 (filtered)","",1,"Pearson's r",-0.42,"UNKNOWN","UNKNOWN","UNKNOWN",2022,"pearson correlation","not_RM","yes","pearsons_r","",FALSE,FALSE,FALSE,TRUE,FALSE,TRUE,TRUE,TRUE,TRUE,0.42
"10.1145/3491102.3517570","human computer interaction (hci);human-centered computing;hci design and evaluation methods",2,"pearson correlation","50 (initially), 19 (after filtering)","0.0016 (general), 0.0075 (filtered)","",2,"Pearson's r",-0.59,"UNKNOWN","UNKNOWN","UNKNOWN",2022,"pearson correlation","not_RM","yes","pearsons_r","",FALSE,FALSE,FALSE,TRUE,FALSE,TRUE,TRUE,TRUE,TRUE,0.59
"10.1145/3491102.3517570","human computer interaction (hci);human-centered computing;hci design and evaluation methods",3,"pearson correlation","50 (initially), 34 (after filtering)","0.031229 (general), 0.0205 (filtered)","",1,"Pearson's r",-0.29352,"UNKNOWN","UNKNOWN","UNKNOWN",2022,"pearson correlation","not_RM","yes","pearsons_r","",FALSE,FALSE,FALSE,TRUE,FALSE,TRUE,TRUE,TRUE,TRUE,0.29352
"10.1145/3491102.3517570","human computer interaction (hci);human-centered computing;hci design and evaluation methods",3,"pearson correlation","50 (initially), 34 (after filtering)","0.031229 (general), 0.0205 (filtered)","",2,"Pearson's r",-0.39,"UNKNOWN","UNKNOWN","UNKNOWN",2022,"pearson correlation","not_RM","yes","pearsons_r","",FALSE,FALSE,FALSE,TRUE,FALSE,TRUE,TRUE,TRUE,TRUE,0.39
"10.1145/3491102.3517570","human computer interaction (hci);human-centered computing;hci design and evaluation methods",4,"pearson correlation","50 (initially), reduced number not specified",">0.05 (general), >0.05 (filtered)","",1,"Pearson's r",-0.19,"UNKNOWN","UNKNOWN","UNKNOWN",2022,"pearson correlation","not_RM","yes","pearsons_r","",FALSE,FALSE,FALSE,TRUE,FALSE,TRUE,TRUE,TRUE,TRUE,0.19
"10.1145/3491102.3517570","human computer interaction (hci);human-centered computing;hci design and evaluation methods",4,"pearson correlation","50 (initially), reduced number not specified",">0.05 (general), >0.05 (filtered)","",2,"Pearson's r",-0.32,"UNKNOWN","UNKNOWN","UNKNOWN",2022,"pearson correlation","not_RM","yes","pearsons_r","",FALSE,FALSE,FALSE,TRUE,FALSE,TRUE,TRUE,TRUE,TRUE,0.32
"10.1145/3491102.3517570","human computer interaction (hci);human-centered computing;hci design and evaluation methods",6,"pearson correlation","Not specified",">0.05 (general), >0.05 (filtered)","",1,"Pearson's r",-0.08,"UNKNOWN","UNKNOWN","UNKNOWN",2022,"pearson correlation","not_RM","yes","pearsons_r","",FALSE,FALSE,FALSE,TRUE,FALSE,TRUE,TRUE,TRUE,TRUE,0.08
"10.1145/3491102.3517570","human computer interaction (hci);human-centered computing;hci design and evaluation methods",6,"pearson correlation","Not specified",">0.05 (general), >0.05 (filtered)","",2,"Pearson's r",-0.12,"UNKNOWN","UNKNOWN","UNKNOWN",2022,"pearson correlation","not_RM","yes","pearsons_r","",FALSE,FALSE,FALSE,TRUE,FALSE,TRUE,TRUE,TRUE,TRUE,0.12
"10.1145/3491102.3502010","empirical studies in visualization;visualization;human-centered computing",5,"kendall's τ correlation coefficient for self-rated lateness","145","UNKNOWN","",1,"Kendall's τ",-0.08,"0.05","-0.2","95% CI",2022,"kendall's tau","not_RM","yes","kendalls_tau","",FALSE,TRUE,TRUE,TRUE,FALSE,TRUE,TRUE,TRUE,TRUE,0.126586565899947
"10.1145/3491102.3502010","empirical studies in visualization;visualization;human-centered computing",5,"kendall's τ correlation coefficient for self-rated lateness","145","UNKNOWN","",2,"Kendall's τ",-0.1,"0.01","-0.2","95% CI",2022,"kendall's tau","not_RM","yes","kendalls_tau","",FALSE,TRUE,TRUE,TRUE,FALSE,TRUE,TRUE,TRUE,TRUE,0.157998809690633
"10.1145/3491102.3502023","user models;human-centered computing;computing methodologies",5,"pearson correlation","20","0.005","σ_v and success rate",1,"r",-0.603,"UNKNOWN","UNKNOWN","UNKNOWN",2022,"pearson correlation","not_RM","yes","pearsons_r","",FALSE,TRUE,TRUE,TRUE,FALSE,TRUE,TRUE,TRUE,TRUE,0.603
"10.1145/3491102.3502023","user models;human-centered computing;computing methodologies",6,"pearson correlation","20","<0.001","c_σ and success rate",1,"r",-0.721,"UNKNOWN","UNKNOWN","UNKNOWN",2022,"pearson correlation","not_RM","yes","pearsons_r","",FALSE,TRUE,TRUE,TRUE,FALSE,TRUE,TRUE,TRUE,TRUE,0.721
"10.1145/3491102.3517472","human computer interaction (hci);human-centered computing;pointing;touch screens",1,"repeated measures anova on error rate","18","< 0.05","Target Selection Method",1,"Cohen's d",-0.85,"UNKNOWN","UNKNOWN","UNKNOWN",2022,"repeated measures anova","RM","yes","cohens_d","",FALSE,TRUE,TRUE,TRUE,FALSE,TRUE,TRUE,TRUE,TRUE,0.496748613237962
"10.1145/3491102.3517472","human computer interaction (hci);human-centered computing;pointing;touch screens",2,"repeated measures anova on selection time","18","< 0.05","Target Selection Method",1,"Cohen's d",-0.5,"UNKNOWN","UNKNOWN","UNKNOWN",2022,"repeated measures anova","RM","yes","cohens_d","",FALSE,TRUE,TRUE,TRUE,FALSE,TRUE,TRUE,TRUE,TRUE,0.308020243796143
"10.1145/3491102.3517472","human computer interaction (hci);human-centered computing;pointing;touch screens",3,"repeated measures anova on error rate","18","< 0.001","Target Selection Method",1,"Cohen's d",-1.19,"UNKNOWN","UNKNOWN","UNKNOWN",2022,"repeated measures anova","RM","yes","cohens_d","",FALSE,TRUE,TRUE,TRUE,FALSE,TRUE,TRUE,TRUE,TRUE,0.649392614598994
"10.1145/3491102.3517472","human computer interaction (hci);human-centered computing;pointing;touch screens",5,"repeated measures anova on error rate","12","< 0.01","Target Selection Method",1,"Cohen's d",-0.7,"UNKNOWN","UNKNOWN","UNKNOWN",2022,"repeated measures anova","RM","yes","cohens_d","",FALSE,TRUE,TRUE,TRUE,FALSE,TRUE,TRUE,TRUE,TRUE,0.419545039404695
"10.1145/3491102.3517472","human computer interaction (hci);human-centered computing;pointing;touch screens",6,"repeated measures anova on selection time","12","< 0.001","Target Selection Method",1,"Cohen's d",-1.2,"UNKNOWN","UNKNOWN","UNKNOWN",2022,"repeated measures anova","RM","yes","cohens_d","",FALSE,TRUE,TRUE,TRUE,FALSE,TRUE,TRUE,TRUE,TRUE,0.653409609392959
"10.1145/3491102.3517641","user studies;human-centered computing;virtual reality;collaborative learning;applied computing",1,"correlation analysis","46","UNKNOWN","",3,"r",-0.38,"UNKNOWN","UNKNOWN","UNKNOWN",2022,"correlation (unspecified)","not_RM","yes","pearsons_r","",FALSE,TRUE,TRUE,TRUE,FALSE,TRUE,TRUE,TRUE,TRUE,0.38
"10.1145/3491102.3501953","hci theory, concepts and models;human-centered computing;hardware;haptic devices;computing methodologies",3,"pearson's correlation (haptic fidelity vs versatility)","UNKNOWN","<.00001","",1,"r",-0.72,"-0.64","-0.79","95% CI",2022,"pearson correlation","not_RM","yes","pearsons_r","",FALSE,TRUE,TRUE,TRUE,FALSE,FALSE,FALSE,FALSE,TRUE,0.72
"10.1145/3544548.3580928","gestural input;human-centered computing;mobile devices;ubiquitous and mobile devices",5,"correlation analysis","20",".01","",2,"Pearson's r",-0.682,"UNKNOWN","UNKNOWN","UNKNOWN",2023,"correlation (unspecified)","not_RM","yes","pearsons_r","",FALSE,TRUE,TRUE,TRUE,FALSE,TRUE,TRUE,TRUE,TRUE,0.682
"10.1145/3544548.3580928","gestural input;human-centered computing;mobile devices;ubiquitous and mobile devices",5,"correlation analysis","20",".01","",3,"Pearson's r",-0.045,"UNKNOWN","UNKNOWN","UNKNOWN",2023,"correlation (unspecified)","not_RM","yes","pearsons_r","",FALSE,TRUE,TRUE,TRUE,FALSE,TRUE,TRUE,TRUE,TRUE,0.045
"10.1145/3544548.3581448","empirical studies in hci;human-centered computing;human computer interaction (hci);hci theory, concepts and models",3,"independent samples t-test","360","< 0.001","",1,"d",-0.857,"UNKNOWN","UNKNOWN","UNKNOWN",2023,"independent t-test","not_RM","yes","cohens_d","",FALSE,TRUE,TRUE,TRUE,FALSE,TRUE,TRUE,TRUE,TRUE,0.500207065089516
"10.1145/3544548.3581374","interactive systems and tools;human-centered computing",9,"correlation (extraneous load and performance - control)","UNKNOWN",".008","",1,"r",-0.335,"UNKNOWN","UNKNOWN","UNKNOWN",2023,"correlation (unspecified)","not_RM","yes","pearsons_r","",FALSE,TRUE,TRUE,TRUE,FALSE,TRUE,TRUE,TRUE,TRUE,0.335
"10.1145/3544548.3581374","interactive systems and tools;human-centered computing",11,"correlation (extraneous load and performance - hs-na)","UNKNOWN","< 0.001","",1,"r",-0.513,"UNKNOWN","UNKNOWN","UNKNOWN",2023,"correlation (unspecified)","not_RM","yes","pearsons_r","",FALSE,TRUE,TRUE,TRUE,FALSE,TRUE,TRUE,TRUE,TRUE,0.513
"10.1145/3544548.3581371","human computer interaction (hci);human-centered computing;user studies",18,"tukey's pairwise hsd","16","0.01","",1,"Cohen's d",-0.94,"UNKNOWN","UNKNOWN","UNKNOWN",2023,"independent t-test","not_RM","yes","cohens_d","",FALSE,TRUE,TRUE,TRUE,FALSE,TRUE,TRUE,TRUE,TRUE,0.540208647574475
"10.1145/3544548.3581371","human computer interaction (hci);human-centered computing;user studies",29,"tukey's pairwise hsd","16","0.001","",1,"Cohen's d",-0.89,"UNKNOWN","UNKNOWN","UNKNOWN",2023,"independent t-test","not_RM","yes","cohens_d","",FALSE,TRUE,TRUE,TRUE,FALSE,TRUE,TRUE,TRUE,TRUE,0.516334080516463
"10.1145/3544548.3581371","human computer interaction (hci);human-centered computing;user studies",30,"tukey's pairwise hsd","16","0.03","",1,"Cohen's d",-0.33,"UNKNOWN","UNKNOWN","UNKNOWN",2023,"independent t-test","not_RM","yes","cohens_d","",FALSE,TRUE,TRUE,TRUE,FALSE,TRUE,TRUE,TRUE,TRUE,0.206754454401367
"10.1145/3544548.3581009","computer systems organization;networks",13,"paired t-test for emotion (arousal)","16","0.695","",1,"Cohen's d",-0.131,"UNKNOWN","UNKNOWN","95%",2023,"dependant t-test","RM","yes","cohens_d","",FALSE,TRUE,TRUE,TRUE,FALSE,TRUE,TRUE,FALSE,TRUE,0.0830071299030802
"10.1145/3544548.3581009","computer systems organization;networks",14,"paired t-test for emotion (dominance)","16","0.167","",1,"Cohen's d",-0.25,"UNKNOWN","UNKNOWN","95%",2023,"dependant t-test","RM","yes","cohens_d","",FALSE,TRUE,TRUE,TRUE,FALSE,TRUE,TRUE,FALSE,TRUE,0.157524112928295
"10.1145/3544548.3580670","empirical studies in hci;human-centered computing;computing methodologies",3,"permutation test (heavy)","UNKNOWN","UNKNOWN","",1,"τk",-0.394,"-0.114","-0.678","95%",2023,"","unclear test","yes","kendalls_tau","",FALSE,TRUE,TRUE,TRUE,FALSE,FALSE,FALSE,FALSE,TRUE,0.585935798935768
"10.1145/3544548.3580670","empirical studies in hci;human-centered computing;computing methodologies",3,"permutation test (heavy)","UNKNOWN","UNKNOWN","",2,"τk",-0.556,"-0.243","-0.864","95%",2023,"","unclear test","yes","kendalls_tau","",FALSE,TRUE,TRUE,TRUE,FALSE,FALSE,FALSE,FALSE,TRUE,0.774157936877443
"10.1145/3544548.3580670","empirical studies in hci;human-centered computing;computing methodologies",3,"permutation test (heavy)","UNKNOWN","UNKNOWN","",3,"τk",-0.694,"-0.325","-1.056","95%",2023,"","unclear test","yes","kendalls_tau","",FALSE,TRUE,TRUE,TRUE,FALSE,FALSE,FALSE,FALSE,TRUE,0.895555138257562
"10.1145/3544548.3580670","empirical studies in hci;human-centered computing;computing methodologies",3,"permutation test (heavy)","UNKNOWN","UNKNOWN","",4,"τk",-0.647,"-0.350","-0.944","95%",2023,"","unclear test","yes","kendalls_tau","",FALSE,TRUE,TRUE,TRUE,FALSE,FALSE,FALSE,FALSE,TRUE,0.858670174780943
"10.1145/3544548.3580670","empirical studies in hci;human-centered computing;computing methodologies",3,"permutation test (heavy)","UNKNOWN","UNKNOWN","",5,"τk",-0.664,"-0.302","-1.021","95%",2023,"","unclear test","yes","kendalls_tau","",FALSE,TRUE,TRUE,TRUE,FALSE,FALSE,FALSE,FALSE,TRUE,0.872562651364764
"10.1145/3544548.3580670","empirical studies in hci;human-centered computing;computing methodologies",3,"permutation test (heavy)","UNKNOWN","0.007","family",1,"τk",-0.394,"-0.114","-0.678","95%",2023,"","unclear test","yes","kendalls_tau","",FALSE,TRUE,TRUE,TRUE,FALSE,FALSE,FALSE,FALSE,TRUE,0.585935798935768
"10.1145/3544548.3580670","empirical studies in hci;human-centered computing;computing methodologies",3,"permutation test (heavy)","UNKNOWN","< 0.001","gag",1,"τk",-0.556,"-0.243","-0.864","95%",2023,"","unclear test","yes","kendalls_tau","",FALSE,TRUE,TRUE,TRUE,FALSE,FALSE,FALSE,FALSE,TRUE,0.774157936877443
"10.1145/3544548.3580670","empirical studies in hci;human-centered computing;computing methodologies",3,"permutation test (heavy)","UNKNOWN","< 0.001","political (conservative)",1,"τk",-0.694,"-0.325","-1.056","95%",2023,"","unclear test","yes","kendalls_tau","",FALSE,TRUE,TRUE,TRUE,FALSE,FALSE,FALSE,FALSE,TRUE,0.895555138257562
"10.1145/3544548.3580670","empirical studies in hci;human-centered computing;computing methodologies",3,"permutation test (heavy)","UNKNOWN","< 0.001","office",1,"τk",-0.647,"-0.350","-0.944","95%",2023,"","unclear test","yes","kendalls_tau","",FALSE,TRUE,TRUE,TRUE,FALSE,FALSE,FALSE,FALSE,TRUE,0.858670174780943
"10.1145/3544548.3580670","empirical studies in hci;human-centered computing;computing methodologies",3,"permutation test (heavy)","UNKNOWN","< 0.001","political (liberal)",1,"τk",-0.664,"-0.302","-1.021","95%",2023,"","unclear test","yes","kendalls_tau","",FALSE,TRUE,TRUE,TRUE,FALSE,FALSE,FALSE,FALSE,TRUE,0.872562651364764
"10.1145/3544548.3581355","information systems;psychology;applied computing;empirical studies in hci;human-centered computing",8,"bivariate correlation","60","< .001","",4,"Pearson's r",-0.4,"UNKNOWN","UNKNOWN","UNKNOWN",2023,"correlation (unspecified)","not_RM","yes","pearsons_r","",FALSE,TRUE,TRUE,TRUE,FALSE,TRUE,TRUE,TRUE,TRUE,0.4
"10.1145/3544548.3580929","gestural input;human-centered computing;accessibility technologies;accessibility;empirical studies in accessibility",7,"kendall's tau-b coefficients","11","UNKNOWN","",5,"Kendall's Tau-b",-0.348,"UNKNOWN","UNKNOWN","UNKNOWN",2023,"kendall's tau","not_RM","yes","kendalls_tau","",FALSE,TRUE,TRUE,TRUE,FALSE,TRUE,TRUE,TRUE,TRUE,0.525015516046917
"10.1145/3544548.3580929","gestural input;human-centered computing;accessibility technologies;accessibility;empirical studies in accessibility",7,"kendall's tau-b coefficients","11","UNKNOWN","",6,"Kendall's Tau-b",-0.348,"UNKNOWN","UNKNOWN","UNKNOWN",2023,"kendall's tau","not_RM","yes","kendalls_tau","",FALSE,TRUE,TRUE,TRUE,FALSE,TRUE,TRUE,TRUE,TRUE,0.525015516046917
"10.1145/3544548.3580929","gestural input;human-centered computing;accessibility technologies;accessibility;empirical studies in accessibility",7,"kendall's tau-b coefficients","11","UNKNOWN","",7,"Kendall's Tau-b",-0.449,"UNKNOWN","UNKNOWN","UNKNOWN",2023,"kendall's tau","not_RM","yes","kendalls_tau","",FALSE,TRUE,TRUE,TRUE,FALSE,TRUE,TRUE,TRUE,TRUE,0.654735332746486
"10.1145/3544548.3580929","gestural input;human-centered computing;accessibility technologies;accessibility;empirical studies in accessibility",7,"kendall's tau-b coefficients","11","UNKNOWN","",9,"Kendall's Tau-b",-0.441,"UNKNOWN","UNKNOWN","UNKNOWN",2023,"kendall's tau","not_RM","yes","kendalls_tau","",FALSE,TRUE,TRUE,TRUE,FALSE,TRUE,TRUE,TRUE,TRUE,0.645019857454623
"10.1145/3544548.3580929","gestural input;human-centered computing;accessibility technologies;accessibility;empirical studies in accessibility",7,"kendall's tau-b coefficients","11","UNKNOWN","",10,"Kendall's Tau-b",-0.394,"UNKNOWN","UNKNOWN","UNKNOWN",2023,"kendall's tau","not_RM","yes","kendalls_tau","",FALSE,TRUE,TRUE,TRUE,FALSE,TRUE,TRUE,TRUE,TRUE,0.585935798935768
"10.1145/3544548.3580929","gestural input;human-centered computing;accessibility technologies;accessibility;empirical studies in accessibility",7,"kendall's tau-b coefficients","11","UNKNOWN","",11,"Kendall's Tau-b",-0.281,"UNKNOWN","UNKNOWN","UNKNOWN",2023,"kendall's tau","not_RM","yes","kendalls_tau","",FALSE,TRUE,TRUE,TRUE,FALSE,TRUE,TRUE,TRUE,TRUE,0.431472065354016
"10.1145/3544548.3580929","gestural input;human-centered computing;accessibility technologies;accessibility;empirical studies in accessibility",7,"kendall's tau-b coefficients","11","UNKNOWN","",12,"Kendall's Tau-b",-0.314,"UNKNOWN","UNKNOWN","UNKNOWN",2023,"kendall's tau","not_RM","yes","kendalls_tau","",FALSE,TRUE,TRUE,TRUE,FALSE,TRUE,TRUE,TRUE,TRUE,0.478208138456435
"10.1145/3544548.3580929","gestural input;human-centered computing;accessibility technologies;accessibility;empirical studies in accessibility",7,"kendall's tau-b coefficients","11","UNKNOWN","",15,"Kendall's Tau-b",-0.614,"UNKNOWN","UNKNOWN","UNKNOWN",2023,"kendall's tau","not_RM","yes","kendalls_tau","",FALSE,TRUE,TRUE,TRUE,FALSE,TRUE,TRUE,TRUE,TRUE,0.829963872715886
"10.1145/3544548.3580929","gestural input;human-centered computing;accessibility technologies;accessibility;empirical studies in accessibility",7,"kendall's tau-b coefficients","11","UNKNOWN","",16,"Kendall's Tau-b",-0.297,"UNKNOWN","UNKNOWN","UNKNOWN",2023,"kendall's tau","not_RM","yes","kendalls_tau","",FALSE,TRUE,TRUE,TRUE,FALSE,TRUE,TRUE,TRUE,TRUE,0.454284572219609
"10.1145/3544548.3580929","gestural input;human-centered computing;accessibility technologies;accessibility;empirical studies in accessibility",7,"kendall's tau-b coefficients","11","UNKNOWN","",17,"Kendall's Tau-b",-0.614,"UNKNOWN","UNKNOWN","UNKNOWN",2023,"kendall's tau","not_RM","yes","kendalls_tau","",FALSE,TRUE,TRUE,TRUE,FALSE,TRUE,TRUE,TRUE,TRUE,0.829963872715886
"10.1145/3544548.3580929","gestural input;human-centered computing;accessibility technologies;accessibility;empirical studies in accessibility",7,"kendall's tau-b coefficients","11","UNKNOWN","",18,"Kendall's Tau-b",-0.362,"UNKNOWN","UNKNOWN","UNKNOWN",2023,"kendall's tau","not_RM","yes","kendalls_tau","",FALSE,TRUE,TRUE,TRUE,FALSE,TRUE,TRUE,TRUE,TRUE,0.543861447634927
"10.1145/3544548.3580929","gestural input;human-centered computing;accessibility technologies;accessibility;empirical studies in accessibility",7,"kendall's tau-b coefficients","11","UNKNOWN","",19,"Kendall's Tau-b",-0.292,"UNKNOWN","UNKNOWN","UNKNOWN",2023,"kendall's tau","not_RM","yes","kendalls_tau","",FALSE,TRUE,TRUE,TRUE,FALSE,TRUE,TRUE,TRUE,TRUE,0.44718581334929
"10.1145/3544548.3581387","privacy protections;security and privacy;usability in security and privacy;empirical studies in hci;human-centered computing",1,"mann-whitney u test","209","0.048","Trust Integrity",1,"r",-0.37,"UNKNOWN","UNKNOWN","UNKNOWN",2023,"mann-whitney test","not_RM","yes","pearsons_r","",FALSE,TRUE,TRUE,TRUE,FALSE,TRUE,TRUE,TRUE,TRUE,0.37
"10.1145/3544548.3581387","privacy protections;security and privacy;usability in security and privacy;empirical studies in hci;human-centered computing",1,"mann-whitney u test","209","0.033","Trust Benevolence",1,"r",-0.39,"UNKNOWN","UNKNOWN","UNKNOWN",2023,"mann-whitney test","not_RM","yes","pearsons_r","",FALSE,TRUE,TRUE,TRUE,FALSE,TRUE,TRUE,TRUE,TRUE,0.39
"10.1145/3544548.3581387","privacy protections;security and privacy;usability in security and privacy;empirical studies in hci;human-centered computing",2,"mann-whitney u test","209","0.05","Trust Benevolence",1,"r",-0.43,"UNKNOWN","UNKNOWN","UNKNOWN",2023,"mann-whitney test","not_RM","yes","pearsons_r","",FALSE,TRUE,TRUE,TRUE,FALSE,TRUE,TRUE,TRUE,TRUE,0.43
"10.1145/3544548.3581387","privacy protections;security and privacy;usability in security and privacy;empirical studies in hci;human-centered computing",3,"mann-whitney u test","209","0.047","Trust Benevolence",1,"r",-0.23,"UNKNOWN","UNKNOWN","UNKNOWN",2023,"mann-whitney test","not_RM","yes","pearsons_r","",FALSE,TRUE,TRUE,TRUE,FALSE,TRUE,TRUE,TRUE,TRUE,0.23
"10.1145/3544548.3581387","privacy protections;security and privacy;usability in security and privacy;empirical studies in hci;human-centered computing",4,"mann-whitney u test","209","0.029","Trust Integrity",1,"r",-0.25,"UNKNOWN","UNKNOWN","UNKNOWN",2023,"mann-whitney test","not_RM","yes","pearsons_r","",FALSE,TRUE,TRUE,TRUE,FALSE,TRUE,TRUE,TRUE,TRUE,0.25
"10.1145/3544548.3581387","privacy protections;security and privacy;usability in security and privacy;empirical studies in hci;human-centered computing",4,"mann-whitney u test","209","0.008","Trust Benevolence",1,"r",-0.31,"UNKNOWN","UNKNOWN","UNKNOWN",2023,"mann-whitney test","not_RM","yes","pearsons_r","",FALSE,TRUE,TRUE,TRUE,FALSE,TRUE,TRUE,TRUE,TRUE,0.31
"10.1145/3544548.3581387","privacy protections;security and privacy;usability in security and privacy;empirical studies in hci;human-centered computing",5,"mann-whitney u test","209","0.048","Trust Integrity",1,"r",-0.37,"UNKNOWN","UNKNOWN","UNKNOWN",2023,"mann-whitney test","not_RM","yes","pearsons_r","",FALSE,TRUE,TRUE,TRUE,FALSE,TRUE,TRUE,TRUE,TRUE,0.37
"10.1145/3544548.3581387","privacy protections;security and privacy;usability in security and privacy;empirical studies in hci;human-centered computing",5,"mann-whitney u test","209","0.033","Trust Benevolence",1,"r",-0.39,"UNKNOWN","UNKNOWN","UNKNOWN",2023,"mann-whitney test","not_RM","yes","pearsons_r","",FALSE,TRUE,TRUE,TRUE,FALSE,TRUE,TRUE,TRUE,TRUE,0.39
"10.1145/3544548.3581387","privacy protections;security and privacy;usability in security and privacy;empirical studies in hci;human-centered computing",6,"mann-whitney u test","209","0.05","Trust Benevolence",1,"r",-0.43,"UNKNOWN","UNKNOWN","UNKNOWN",2023,"mann-whitney test","not_RM","yes","pearsons_r","",FALSE,TRUE,TRUE,TRUE,FALSE,TRUE,TRUE,TRUE,TRUE,0.43
"10.1145/3544548.3581387","privacy protections;security and privacy;usability in security and privacy;empirical studies in hci;human-centered computing",7,"mann-whitney u test","209","0.047","Trust Benevolence",1,"r",-0.23,"UNKNOWN","UNKNOWN","UNKNOWN",2023,"mann-whitney test","not_RM","yes","pearsons_r","",FALSE,TRUE,TRUE,TRUE,FALSE,TRUE,TRUE,TRUE,TRUE,0.23
"10.1145/3544548.3581387","privacy protections;security and privacy;usability in security and privacy;empirical studies in hci;human-centered computing",8,"mann-whitney u test","209","0.029","Trust Integrity",1,"r",-0.25,"UNKNOWN","UNKNOWN","UNKNOWN",2023,"mann-whitney test","not_RM","yes","pearsons_r","",FALSE,TRUE,TRUE,TRUE,FALSE,TRUE,TRUE,TRUE,TRUE,0.25
"10.1145/3544548.3581387","privacy protections;security and privacy;usability in security and privacy;empirical studies in hci;human-centered computing",8,"mann-whitney u test","209","0.008","Trust Benevolence",1,"r",-0.31,"UNKNOWN","UNKNOWN","UNKNOWN",2023,"mann-whitney test","not_RM","yes","pearsons_r","",FALSE,TRUE,TRUE,TRUE,FALSE,TRUE,TRUE,TRUE,TRUE,0.31
"10.1145/3544548.3581022","mobile computing;empirical studies in ubiquitous and mobile computing;ubiquitous and mobile computing;human-centered computing;haptic devices",6,"correlation analysis","21","UNKNOWN","Control and Creepiness",1,"Pearson's r",-0.484,"-0.064","-0.721","95% CI",2023,"correlation (unspecified)","not_RM","yes","pearsons_r","",FALSE,TRUE,TRUE,TRUE,FALSE,TRUE,TRUE,TRUE,TRUE,0.484
"10.1145/3544548.3581022","mobile computing;empirical studies in ubiquitous and mobile computing;ubiquitous and mobile computing;human-centered computing;haptic devices",6,"correlation analysis","21","UNKNOWN","Preferred-Modality and Unpredictability",1,"Kendall's τ",-0.448,"-0.188","-0.670","95% CI",2023,"correlation (unspecified)","not_RM","yes","kendalls_tau","",FALSE,TRUE,TRUE,TRUE,FALSE,TRUE,TRUE,TRUE,TRUE,0.653526521185139
"10.1145/3544548.3581022","mobile computing;empirical studies in ubiquitous and mobile computing;ubiquitous and mobile computing;human-centered computing;haptic devices",7,"correlation analysis","21","UNKNOWN","Conscientiousness and Unpredictability",1,"Pearson's r",-0.459,"-0.033","-0.761","95% CI",2023,"correlation (unspecified)","not_RM","yes","pearsons_r","",FALSE,TRUE,TRUE,TRUE,FALSE,TRUE,TRUE,TRUE,TRUE,0.459
"10.1145/3544548.3580993","empirical studies in hci;human-centered computing;laboratory experiments;usability in security and privacy;security and privacy",13,"kendall's rank correlation coefficient","87","UNKNOWN","iOS Familiarity and SUS",1,"τ (tau)",0,"UNKNOWN","UNKNOWN","UNKNOWN",2023,"kendall's tau","not_RM","yes","kendalls_tau","",FALSE,TRUE,TRUE,TRUE,FALSE,TRUE,TRUE,TRUE,TRUE,0
"10.1145/3544548.3581467","hci theory, concepts and models;human-centered computing",9,"regression","48","< 0.05","",1,"Pearson r",-0.65,"UNKNOWN","UNKNOWN","UNKNOWN",2023,"regression (unspecified)","not_applicable","yes","pearsons_r","",FALSE,TRUE,TRUE,TRUE,FALSE,TRUE,TRUE,TRUE,TRUE,0.65
"10.1145/3544548.3580668","virtual reality;human-centered computing;computer games;applied computing;haptic devices",4,"2x2 art anova on ipq dimensions","32","0.890","General Presence",1,"η²ₚ",0,"UNKNOWN","UNKNOWN","UNKNOWN",2023,"art anova","not_RM","yes","eta_squared","partial",FALSE,TRUE,TRUE,FALSE,FALSE,TRUE,TRUE,TRUE,TRUE,0
"10.1145/3544548.3580668","virtual reality;human-centered computing;computer games;applied computing;haptic devices",4,"2x2 art anova on ipq dimensions","32","0.890","Interaction (Hands x Environment)",1,"η²ₚ",0,"UNKNOWN","UNKNOWN","UNKNOWN",2023,"art anova","not_RM","yes","eta_squared","partial",FALSE,TRUE,TRUE,FALSE,FALSE,TRUE,TRUE,TRUE,TRUE,0
"10.1145/3544548.3580668","virtual reality;human-centered computing;computer games;applied computing;haptic devices",6,"spearman's rank correlation on skin temperature and other measures","32","0.017","Room Temperature and Involvement (IPQ)",1,"r",-0.021,"UNKNOWN","UNKNOWN","UNKNOWN",2023,"spearman correlation","not_RM","yes","pearsons_r","",FALSE,TRUE,TRUE,TRUE,FALSE,TRUE,TRUE,TRUE,TRUE,0.021
"10.1145/3544548.3581212","empirical studies in hci;human-centered computing;human computer interaction (hci);hci theory, concepts and models",8,"independent samples t-tests (gender differences in presence)","128","0.023","",1,"Cohen's d",0.409,"UNKNOWN","UNKNOWN","UNKNOWN",2023,"independent t-test","not_RM","yes","cohens_d","",FALSE,TRUE,TRUE,TRUE,FALSE,TRUE,TRUE,TRUE,TRUE,0.254448934134717
"10.1145/3290605.3300752","user studies;human-centered computing;virtual reality",5,"pearson correlation","UNKNOWN","0.031","",1,"cor",-0.16,"-0.01","-0.29","95%",2019,"pearson correlation","not_RM","checked_test","pearsons_r",NA,FALSE,TRUE,TRUE,TRUE,FALSE,FALSE,FALSE,TRUE,TRUE,0.16
"10.1145/3290605.3300752","user studies;human-centered computing;virtual reality",7,"pearson correlation","UNKNOWN","0.0007","",1,"cor",-0.44,"-0.2","-0.63","95%",2019,"pearson correlation","not_RM","checked_test","pearsons_r",NA,FALSE,TRUE,TRUE,TRUE,FALSE,FALSE,FALSE,TRUE,TRUE,0.44
"10.1145/3290605.3300752","user studies;human-centered computing;virtual reality",10,"pearson correlation","UNKNOWN","0.0001","",1,"cor",-0.49,"-0.26","-0.67","95%",2019,"pearson correlation","not_RM","checked_test","pearsons_r",NA,FALSE,TRUE,TRUE,TRUE,FALSE,FALSE,FALSE,TRUE,TRUE,0.49
"10.1145/3290605.3300752","user studies;human-centered computing;virtual reality",12,"pearson correlation","UNKNOWN","0.004","",1,"cor",-0.21,"-0.067","-0.34","95%",2019,"pearson correlation","not_RM","checked_test","pearsons_r",NA,FALSE,TRUE,TRUE,TRUE,FALSE,FALSE,FALSE,TRUE,TRUE,0.21
"10.1145/3411764.3445183","virtual reality;human-centered computing;empirical studies in hci",6,"spearman's rank correlation","UNKNOWN","0.001","",1,"Correlation coefficient",-0.37,"UNKNOWN","UNKNOWN","UNKNOWN",2021,"spearman correlation","not_RM","checked_test","spearmans_rho",NA,FALSE,TRUE,TRUE,TRUE,FALSE,TRUE,TRUE,TRUE,TRUE,0.392744811712851
"10.1145/3491102.3501830","empirical studies in collaborative and social computing;collaborative and social computing;human-centered computing",14,"spearman correlation for content-based features and first impressions","450","<0.05","",3,"Correlation Coefficient for Justice",0.52,"UNKNOWN","UNKNOWN","UNKNOWN",2022,"spearman correlation","not_RM","checked_test","spearmans_rho",NA,FALSE,TRUE,TRUE,TRUE,FALSE,TRUE,TRUE,TRUE,TRUE,0.548596434055142
"10.1145/3491102.3501830","empirical studies in collaborative and social computing;collaborative and social computing;human-centered computing",14,"spearman correlation for content-based features and first impressions","450","<0.05","",5,"Correlation Coefficient for Attractiveness",0.52,"UNKNOWN","UNKNOWN","UNKNOWN",2022,"spearman correlation","not_RM","checked_test","spearmans_rho",NA,FALSE,TRUE,TRUE,TRUE,FALSE,TRUE,TRUE,TRUE,TRUE,0.548596434055142
"10.1145/3491102.3501830","empirical studies in collaborative and social computing;collaborative and social computing;human-centered computing",15,"spearman correlation for color-based features and first impressions","450","<0.05","",1,"Correlation Coefficient for Empathy",0.185,"UNKNOWN","UNKNOWN","UNKNOWN",2022,"spearman correlation","not_RM","checked_test","spearmans_rho",NA,FALSE,TRUE,TRUE,TRUE,FALSE,TRUE,TRUE,TRUE,TRUE,0.197297300450199
"10.1145/3491102.3501830","empirical studies in collaborative and social computing;collaborative and social computing;human-centered computing",15,"spearman correlation for color-based features and first impressions","450","<0.05","",2,"Correlation Coefficient for Credibility",0.148,"UNKNOWN","UNKNOWN","UNKNOWN",2022,"spearman correlation","not_RM","checked_test","spearmans_rho",NA,FALSE,TRUE,TRUE,TRUE,FALSE,TRUE,TRUE,TRUE,TRUE,0.157926770356344
"10.1145/3491102.3501830","empirical studies in collaborative and social computing;collaborative and social computing;human-centered computing",15,"spearman correlation for color-based features and first impressions","450","<0.05","",3,"Correlation Coefficient for Justice",0.148,"UNKNOWN","UNKNOWN","UNKNOWN",2022,"spearman correlation","not_RM","checked_test","spearmans_rho",NA,FALSE,TRUE,TRUE,TRUE,FALSE,TRUE,TRUE,TRUE,TRUE,0.157926770356344
"10.1145/3491102.3501830","empirical studies in collaborative and social computing;collaborative and social computing;human-centered computing",15,"spearman correlation for color-based features and first impressions","450","<0.05","",4,"Correlation Coefficient for Impact",0.296,"UNKNOWN","UNKNOWN","UNKNOWN",2022,"spearman correlation","not_RM","checked_test","spearmans_rho",NA,FALSE,TRUE,TRUE,TRUE,FALSE,TRUE,TRUE,TRUE,TRUE,0.314905648213753
"10.1145/3491102.3501830","empirical studies in collaborative and social computing;collaborative and social computing;human-centered computing",15,"spearman correlation for color-based features and first impressions","450","<0.05","",5,"Correlation Coefficient for Attractiveness",0.259,"UNKNOWN","UNKNOWN","UNKNOWN",2022,"spearman correlation","not_RM","checked_test","spearmans_rho",NA,FALSE,TRUE,TRUE,TRUE,FALSE,TRUE,TRUE,TRUE,TRUE,0.275801470976355
"10.1145/3491102.3501830","empirical studies in collaborative and social computing;collaborative and social computing;human-centered computing",16,"spearman correlation for texture-based features and first impressions","450","<0.05","",1,"Correlation Coefficient for Empathy",0.222,"UNKNOWN","UNKNOWN","UNKNOWN",2022,"spearman correlation","not_RM","checked_test","spearmans_rho",NA,FALSE,TRUE,TRUE,TRUE,FALSE,TRUE,TRUE,TRUE,TRUE,0.236593783410281
"10.1145/3491102.3501830","empirical studies in collaborative and social computing;collaborative and social computing;human-centered computing",16,"spearman correlation for texture-based features and first impressions","450","<0.05","",2,"Correlation Coefficient for Credibility",0.148,"UNKNOWN","UNKNOWN","UNKNOWN",2022,"spearman correlation","not_RM","checked_test","spearmans_rho",NA,FALSE,TRUE,TRUE,TRUE,FALSE,TRUE,TRUE,TRUE,TRUE,0.157926770356344
"10.1145/3491102.3501830","empirical studies in collaborative and social computing;collaborative and social computing;human-centered computing",16,"spearman correlation for texture-based features and first impressions","450","<0.05","",3,"Correlation Coefficient for Justice",0.111,"UNKNOWN","UNKNOWN","UNKNOWN",2022,"spearman correlation","not_RM","checked_test","spearmans_rho",NA,FALSE,TRUE,TRUE,TRUE,FALSE,TRUE,TRUE,TRUE,TRUE,0.118496969179385
"10.1145/3491102.3501830","empirical studies in collaborative and social computing;collaborative and social computing;human-centered computing",16,"spearman correlation for texture-based features and first impressions","450","<0.05","",4,"Correlation Coefficient for Impact",0.111,"UNKNOWN","UNKNOWN","UNKNOWN",2022,"spearman correlation","not_RM","checked_test","spearmans_rho",NA,FALSE,TRUE,TRUE,TRUE,FALSE,TRUE,TRUE,TRUE,TRUE,0.118496969179385
"10.1145/3491102.3501830","empirical studies in collaborative and social computing;collaborative and social computing;human-centered computing",16,"spearman correlation for texture-based features and first impressions","450","<0.05","",5,"Correlation Coefficient for Attractiveness",0.111,"UNKNOWN","UNKNOWN","UNKNOWN",2022,"spearman correlation","not_RM","checked_test","spearmans_rho",NA,FALSE,TRUE,TRUE,TRUE,FALSE,TRUE,TRUE,TRUE,TRUE,0.118496969179385
"10.1145/3491102.3501830","empirical studies in collaborative and social computing;collaborative and social computing;human-centered computing",17,"spearman correlation for composition-based features and first impressions","450","<0.05","",1,"Correlation Coefficient for Empathy",0.154,"UNKNOWN","UNKNOWN","UNKNOWN",2022,"spearman correlation","not_RM","checked_test","spearmans_rho",NA,FALSE,TRUE,TRUE,TRUE,FALSE,TRUE,TRUE,TRUE,TRUE,0.164315596241433
"10.1145/3491102.3501830","empirical studies in collaborative and social computing;collaborative and social computing;human-centered computing",17,"spearman correlation for composition-based features and first impressions","450","<0.05","",2,"Correlation Coefficient for Credibility",0.154,"UNKNOWN","UNKNOWN","UNKNOWN",2022,"spearman correlation","not_RM","checked_test","spearmans_rho",NA,FALSE,TRUE,TRUE,TRUE,FALSE,TRUE,TRUE,TRUE,TRUE,0.164315596241433
"10.1145/3491102.3501830","empirical studies in collaborative and social computing;collaborative and social computing;human-centered computing",17,"spearman correlation for composition-based features and first impressions","450","<0.05","",4,"Correlation Coefficient for Impact",0.077,"UNKNOWN","UNKNOWN","UNKNOWN",2022,"spearman correlation","not_RM","checked_test","spearmans_rho",NA,FALSE,TRUE,TRUE,TRUE,FALSE,TRUE,TRUE,TRUE,TRUE,0.082224615851751
"10.1145/3491102.3501830","empirical studies in collaborative and social computing;collaborative and social computing;human-centered computing",17,"spearman correlation for composition-based features and first impressions","450","<0.05","",5,"Correlation Coefficient for Attractiveness",0.231,"UNKNOWN","UNKNOWN","UNKNOWN",2022,"spearman correlation","not_RM","checked_test","spearmans_rho",NA,FALSE,TRUE,TRUE,TRUE,FALSE,TRUE,TRUE,TRUE,TRUE,0.246139522897857
"10.1145/3491102.3501830","empirical studies in collaborative and social computing;collaborative and social computing;human-centered computing",18,"spearman correlation for all features and first impressions","450","<0.05","",1,"Correlation Coefficient for Empathy",0.304,"UNKNOWN","UNKNOWN","UNKNOWN",2022,"spearman correlation","not_RM","checked_test","spearmans_rho",NA,FALSE,TRUE,TRUE,TRUE,FALSE,TRUE,TRUE,TRUE,TRUE,0.323345569306269
"10.1145/3491102.3501830","empirical studies in collaborative and social computing;collaborative and social computing;human-centered computing",18,"spearman correlation for all features and first impressions","450","<0.05","",2,"Correlation Coefficient for Credibility",0.272,"UNKNOWN","UNKNOWN","UNKNOWN",2022,"spearman correlation","not_RM","checked_test","spearmans_rho",NA,FALSE,TRUE,TRUE,TRUE,FALSE,TRUE,TRUE,TRUE,TRUE,0.289553325874303
"10.1145/3491102.3501830","empirical studies in collaborative and social computing;collaborative and social computing;human-centered computing",18,"spearman correlation for all features and first impressions","450","<0.05","",3,"Correlation Coefficient for Justice",0.217,"UNKNOWN","UNKNOWN","UNKNOWN",2022,"spearman correlation","not_RM","checked_test","spearmans_rho",NA,FALSE,TRUE,TRUE,TRUE,FALSE,TRUE,TRUE,TRUE,TRUE,0.231288311012228
"10.1145/3491102.3501830","empirical studies in collaborative and social computing;collaborative and social computing;human-centered computing",18,"spearman correlation for all features and first impressions","450","<0.05","",4,"Correlation Coefficient for Impact",0.283,"UNKNOWN","UNKNOWN","UNKNOWN",2022,"spearman correlation","not_RM","checked_test","spearmans_rho",NA,FALSE,TRUE,TRUE,TRUE,FALSE,TRUE,TRUE,TRUE,TRUE,0.30117905781694
"10.1145/3491102.3501830","empirical studies in collaborative and social computing;collaborative and social computing;human-centered computing",18,"spearman correlation for all features and first impressions","450","<0.05","",5,"Correlation Coefficient for Attractiveness",0.283,"UNKNOWN","UNKNOWN","UNKNOWN",2022,"spearman correlation","not_RM","checked_test","spearmans_rho",NA,FALSE,TRUE,TRUE,TRUE,FALSE,TRUE,TRUE,TRUE,TRUE,0.30117905781694
